deviceId	endOfLife	serviceTypes
0eae8b9d-1076-4863-9505-f438a6756f81	2029-01-18T04:34:05Z	A
11900544-73b4-413b-9a7e-7215387ec329	2028-08-23T19:47:57Z	B
f3556759-f1d7-43eb-8c9a-9273b4a069ca	2028-05-30T18:46:24Z	C
a34262da-276d-4bd0-b6ec-49a0f0ab9db3	2034-05-20T00:06:19Z	D
23474651-bb70-4574-af45-b776666ee444	2028-12-09T03:09:05Z	E
857e6e81-06ea-4d04-b496-1e1502ef080c	2031-11-02T02:47:32Z	A,B
c2e5375d-ef5b-4aff-b62c-7e70609d0231	2024-12-07T01:17:04Z	A,C
47f4d4ab-11c2-435c-9b80-fd3119de955a	2026-01-22T13:31:54Z	A,D
c64c859b-ec98-421f-a9be-96db52a85be7	2034-03-20T10:15:36Z	A,E
17f4953b-7d9d-4511-94e2-a87dee685879	2032-05-15T13:16:16Z	B,C
4cee7a4f-2b4e-4e7a-b0f9-8bab3d5e8eaf	2024-12-23T11:47:15Z	B,D
f73a8259-dff8-4849-b4e8-87908fbe2d74	2032-04-22T16:54:08Z	B,E
954794c9-c043-42b5-a2ac-81757c4c3b4c	2030-09-05T15:39:04Z	C,D
6d9d4c4e-5ad2-4d16-86c3-87dd74e8d4a5	2025-09-17T05:13:32Z	C,E
1fcccc41-5838-44c1-83b2-cf58e1b693db	2030-02-06T20:59:05Z	D,E
b6d315d1-3d86-46bc-b430-46d13598a28f	2028-05-08T19:26:13Z	A,B,C
ac9a02e0-9022-4e2b-9fb4-7fb1ffd57b04	2031-10-03T20:54:47Z	A,B,D
7b194300-e531-44fe-8e5e-e8ca2101d12d	2026-03-31T23:20:28Z	A,B,E
52ccb734-48a8-40b7-9e87-078335230c01	2025-04-21T02:39:51Z	A,C,D
d9fb178f-e7e0-4bfd-88cb-84b111ec0b41	2024-12-08T21:54:55Z	A,C,E
f08e82d8-bb71-46fb-8643-19e46a775ff5	2027-03-01T14:46:17Z	A,D,E
36e01694-b53e-43e1-b865-58a365d2e7c2	2024-08-23T20:26:21Z	B,C,D
4dbfbdf0-4fd8-4d6e-9715-6ed1cb214c15	2029-02-14T15:38:06Z	B,C,E
fb7d5249-141f-4fc5-b8ee-9c6afd50b91c	2028-06-09T02:09:49Z	B,D,E
76bd3a58-a398-455f-ada9-eae7d426822f	2029-02-10T08:11:22Z	C,D,E
baaa7706-1232-48e3-8c56-712e2f8ca107	2034-01-06T18:13:32Z	A,B,C,D
539193a9-e6b6-4e20-b0cc-f9aea10afa74	2030-06-05T18:52:00Z	A,B,C,E
61f7d592-9628-45d1-93cc-5024fb310479	2028-02-25T21:29:01Z	A,B,D,E
b55a7602-f9e9-4352-8190-d9f9a34a8d86	2034-02-16T04:12:00Z	A,C,D,E
710d04d2-21ea-4bb3-bab4-e33875cefa0c	2032-02-06T22:15:35Z	B,C,D,E
51680e8e-91bb-4382-8946-ac46b9e9752b	2024-07-04T06:09:47Z	A
9eac3cad-f229-4073-b0e1-0a90fabfb767	2033-10-18T05:34:49Z	B
afce8c67-4769-441f-a52b-fd49af7c8d61	2032-11-24T05:47:22Z	C
cb8c5296-f870-4a43-bb73-906e05bcbc03	2029-07-09T11:00:10Z	D
7c772d75-a43d-47c9-841a-8fda4bb4c1b1	2024-09-24T03:22:44Z	E
833fed60-36f7-4553-875e-e05bdfe1d7b5	2032-08-26T10:51:58Z	A,B
b476f274-349e-4dcd-af75-0268a2cf0b2b	2033-03-31T09:04:35Z	A,C
2500ed12-8350-4353-823a-02fbd01eaaa3	2025-08-31T09:45:34Z	A,D
d18c12db-3c8f-491f-b670-294408d24c63	2032-10-02T03:46:44Z	A,E
d2ea6657-3721-42d2-9973-e2bba36ebf06	2032-09-07T16:18:39Z	B,C
39173551-b379-4eb5-bff7-efb6a15d080b	2026-05-01T21:52:09Z	B,D
bb9d8dbf-b32d-4b1a-92a5-83961c6599f5	2032-05-10T00:44:13Z	B,E
32c22328-b5c8-4a50-946a-ac28f54157c8	2029-04-20T01:31:30Z	C,D
391dec47-7635-438f-bf6b-2834328a1562	2029-01-09T23:18:23Z	C,E
63de6c3c-6621-42c6-a610-0694fd84c60e	2027-05-09T15:59:19Z	D,E
f48680ae-4ad7-4488-bd74-58d6dbca6e13	2034-01-10T22:42:19Z	A,B,C
398d8e13-bb99-44bf-8221-ce3494f9794b	2032-05-23T12:07:09Z	A,B,D
eb934b30-8da7-4420-9719-73e2d63f928a	2031-12-07T00:39:46Z	A,B,E
37b4df52-105c-4ea3-ae72-a6aff7327d9c	2027-11-06T09:59:54Z	A,C,D
b26d5e62-6925-4cfd-9810-e38628327f2a	2032-06-26T21:43:40Z	A,C,E
f1951930-a81e-4da1-8ff9-50d86d7b9d9b	2028-04-12T13:52:01Z	A,D,E
840504af-15bc-4235-b294-fa2c5f695e1e	2029-11-06T09:04:35Z	B,C,D
27e75aff-af0f-456a-98b3-224c57c8fc23	2030-04-03T22:12:47Z	B,C,E
b7679568-5355-4f24-ac0c-5890b10bb66d	2030-12-08T09:44:34Z	B,D,E
7130182f-12e5-4e03-8566-e6a57ea6108a	2031-10-05T22:56:53Z	C,D,E
34544cab-0ff4-4566-914c-ff7fa8607932	2028-02-22T22:34:45Z	A,B,C,D
ae164925-91c2-482b-a70a-41a04db396d6	2031-10-03T14:17:27Z	A,B,C,E
22b2c166-b115-4a59-a547-5a9cbf2de225	2029-07-05T03:44:20Z	A,B,D,E
a72a9455-d370-4061-8f4d-7a36e4623652	2028-10-25T13:12:11Z	A,C,D,E
777dd981-4dbe-4d73-b558-331c8382b094	2031-08-04T03:55:42Z	B,C,D,E
02ffa5e5-353e-43cd-9415-f6d516a8deed	2027-02-03T01:45:24Z	A
74214426-3462-403c-b944-eb17a7e04abc	2025-08-06T21:59:18Z	B
34c6ea91-266b-417e-96aa-d576511117ac	2024-09-07T06:42:27Z	C
2b814a90-1cdc-4d01-ad40-ee8013e040d6	2033-06-29T02:01:02Z	D
bc6cd405-f29b-4bc5-a87b-3113db441e48	2031-07-24T23:42:00Z	E
c0458aa1-3836-45e7-8552-750308e58ee3	2032-10-28T06:57:41Z	A,B
f0caccbf-6598-4a94-8d01-979678eec40d	2029-08-25T09:02:16Z	A,C
fb90df62-4b96-4c15-a954-fb8b63b4e439	2033-07-13T11:01:17Z	A,D
7a123ffe-5e05-4521-91e3-1afdaf9b4931	2025-02-27T21:14:28Z	A,E
33676c72-49df-4712-99f6-52ff34f6945f	2025-04-03T11:51:06Z	B,C
d17d267a-082e-4682-ae4a-9cbce92b0dab	2030-11-17T01:09:45Z	B,D
328d1e59-577a-447e-9ffb-2b810caba729	2028-11-24T14:25:34Z	B,E
9a96b601-eeb2-436e-8a55-768a0cc8263b	2032-12-17T06:07:09Z	C,D
33498019-5beb-487a-96c5-9ef75af0055d	2026-03-24T01:48:05Z	C,E
4681912c-5274-466d-b806-c173a6fde954	2027-05-10T11:19:29Z	D,E
ec578d35-0936-4a71-abe6-4bf8411cca94	2032-09-13T17:13:18Z	A,B,C
21fee7ec-726e-4f29-b38d-929e737205c0	2031-02-28T10:58:07Z	A,B,D
907ca027-5438-4735-a568-f19baff82489	2030-03-07T15:16:52Z	A,B,E
d25d3497-ed09-46f1-91df-fbec425bd8eb	2024-09-13T23:04:18Z	A,C,D
0531b3b6-cac7-470e-9ad0-d3f078a6064c	2032-01-18T13:24:41Z	A,C,E
3f1e8e62-2f6a-4748-add6-7dcf46477fc3	2031-02-16T10:27:11Z	A,D,E
a1f1d8bf-a739-4e6c-8c62-bd17d0a396df	2027-06-26T13:55:23Z	B,C,D
7ad26240-c06e-4677-9040-cdfc8ab0b7e8	2030-12-08T23:44:36Z	B,C,E
edf25a91-084e-49d9-9a02-bacac8b4896a	2032-10-17T11:15:30Z	B,D,E
03ab5f5e-2241-4fef-a344-0aa3273870c9	2027-04-02T02:12:32Z	C,D,E
cbb81f07-3270-48be-a986-913384f112cf	2028-11-23T19:44:21Z	A,B,C,D
97e2e4b9-4a16-455d-993f-2e44ea7d030b	2028-12-07T00:36:25Z	A,B,C,E
33ebdf3d-dd23-469b-9751-3d02f7bcd2b4	2029-06-20T04:04:19Z	A,B,D,E
1d4b9e6f-0a19-4b60-97bb-dcc06b803c1b	2025-10-24T04:14:05Z	A,C,D,E
4aed7f8b-1673-4da3-84d3-464e292e02f5	2026-03-06T13:51:19Z	B,C,D,E
1ba46127-1017-4717-a323-03b440fc3947	2032-02-18T03:49:16Z	A
4e16fc57-0252-47ed-a84f-cc8a7ecd29d8	2024-10-26T00:07:26Z	B
9405760b-94ba-4190-b590-13153dd9ae14	2027-05-14T08:35:49Z	C
48fe5f2d-f6ec-4d24-a5ed-11e20a2fac67	2032-08-10T19:19:46Z	D
8b4c0e75-33ae-406b-8a1a-3d9e65985e7d	2028-08-12T21:11:17Z	E
2c8fd6de-e71f-4245-859a-f6c0e384bb54	2026-04-16T01:34:30Z	A,B
2ce4f997-7c43-491c-a6bd-d7908c99c352	2031-05-12T14:45:42Z	A,C
b872f3b5-7090-4a22-aed7-ddc720666615	2026-02-19T20:07:53Z	A,D
b546a762-1ce8-49e7-b619-577720586f66	2026-05-16T11:55:14Z	A,E
2bb3b64b-59d7-4399-af5b-c79a4c2d182b	2032-09-21T12:39:16Z	B,C
181ab899-fb14-41ae-b47b-67ff279a8f4a	2029-04-02T22:56:37Z	B,D
b61cb48f-fbbe-42ea-997d-3af56b62b2f5	2034-01-28T00:58:53Z	B,E
0130b2d6-a6c6-4f33-a13c-836ddc2f67a7	2028-08-14T17:16:46Z	C,D
4f4f0b7c-dcdc-421a-91ca-6fc1c70f2029	2032-09-17T16:17:04Z	C,E
cdd97437-fad6-44c9-8496-d3303f4afcd1	2025-11-06T12:44:37Z	D,E
ed805523-1b26-49f7-b798-9c1335d2d297	2027-11-04T18:53:15Z	A,B,C
b8e1bd2c-23b9-4f9c-a2f9-a43bbf1045f9	2027-06-17T05:59:54Z	A,B,D
1c8cbe20-80db-4532-92ac-3c6048db2c6a	2033-03-23T21:49:38Z	A,B,E
ed52c085-a74f-4782-8b13-11822574f308	2029-11-06T17:03:30Z	A,C,D
17f8ebd0-18b5-4324-bb03-b58fd9745912	2029-02-19T19:54:37Z	A,C,E
1c228228-b8e9-436a-b62b-c75997db4a36	2028-07-10T07:04:29Z	A,D,E
d354222e-6473-48ce-a862-0ae824fb11e0	2032-06-13T00:16:41Z	B,C,D
c4446d03-4267-4e32-bf15-55f170283f5b	2031-05-10T04:56:45Z	B,C,E
18feb80b-971f-42e1-b347-691337f48e2d	2031-06-01T14:11:38Z	B,D,E
58be6d3b-a974-4475-91bd-7bf51727b4dd	2024-08-04T01:01:53Z	C,D,E
816a74b2-3cbf-4bc5-9b12-a51aa7526a90	2025-12-27T17:42:31Z	A,B,C,D
cfb425f2-8292-485a-8696-122b904f5e12	2033-10-23T22:00:06Z	A,B,C,E
081ea67b-664c-4f74-9737-643a9efdd1ee	2031-03-17T20:02:45Z	A,B,D,E
61f271d0-5455-4b1c-b32a-96ece760cba3	2025-09-26T07:55:46Z	A,C,D,E
648f6a2f-d06b-493e-88b0-58d01257c739	2032-09-05T21:22:15Z	B,C,D,E
79a37b1f-2a07-4da4-bd1c-466fd670872c	2032-03-21T10:29:11Z	A
fd3d109c-dfd1-4c55-b47c-0a84aa03184d	2034-03-12T16:24:35Z	B
5a7ca9c6-56a1-4a54-a2e3-9654b0397bbc	2026-06-30T20:50:27Z	C
a9e51158-1fbe-4962-b4ac-26c1a16a425a	2032-04-25T16:25:02Z	D
da2018ae-f415-4f27-a82a-5b248e2cc90e	2024-07-26T22:43:12Z	E
84ccdfcd-9a53-478c-8a6b-108c44465dc2	2029-11-14T17:42:26Z	A,B
ce895827-71e6-4bff-8258-110f3f9c08d1	2030-06-15T06:09:05Z	A,C
967d4ba5-3c66-4324-8bf6-18973df7689f	2029-12-28T06:51:07Z	A,D
0455212e-d6ca-476a-a3c5-1c944f997e6e	2025-07-20T02:04:21Z	A,E
f55e8385-572d-4ade-91fc-95da84a6ed69	2025-07-14T03:59:50Z	B,C
3beaaf06-21ba-4f82-9249-e6da6169a4ad	2026-12-23T16:21:14Z	B,D
6125a564-a8ce-4c5a-b074-75b4483c2249	2031-12-12T17:03:28Z	B,E
5b1d1dce-dd94-4409-98cf-c1aef059b759	2031-06-24T12:55:27Z	C,D
bd82daf8-0cbb-4b5e-a509-8c53c1d45ced	2033-07-23T21:39:56Z	C,E
14952360-002b-404a-8b2d-825ecdbcbd4a	2027-10-18T14:12:20Z	D,E
5a0e80fc-8aab-43fe-9595-de400a1962a2	2028-03-20T19:52:48Z	A,B,C
c969f6df-6695-439c-b090-9a7d0bfbfea0	2033-10-22T02:02:12Z	A,B,D
ab964163-029e-4450-91df-69fcae39ae68	2027-02-01T15:25:21Z	A,B,E
b6d168cb-583e-43c7-ba9c-14dfa5e3e13d	2026-12-27T08:58:05Z	A,C,D
c5202741-3000-4c2a-8137-3989e7e75708	2032-01-04T05:56:26Z	A,C,E
988c12e2-3fa7-4daa-8513-d73572f00f2f	2024-10-06T16:36:54Z	A,D,E
a2c5cde2-fcc0-4493-b533-06a275d35900	2032-06-25T15:54:47Z	B,C,D
5919fcb2-7170-4a2c-8ad6-b6d25626172e	2029-04-19T16:34:24Z	B,C,E
2f948f9c-9743-451c-ab54-66e105429987	2026-02-21T17:02:12Z	B,D,E
419bb040-1066-4131-a144-878c71aed4f1	2025-12-02T03:29:08Z	C,D,E
cf81a452-37b3-497b-8af9-0505f0679d70	2033-05-11T18:50:18Z	A,B,C,D
b0607ee7-dcc8-44d8-93dc-ee78895a27af	2030-11-15T10:57:25Z	A,B,C,E
35ecbf65-b3aa-46d7-b919-ccfff52f1b4a	2027-08-07T16:59:53Z	A,B,D,E
8051b070-f186-4086-8392-843c7ba206bd	2033-05-22T18:49:33Z	A,C,D,E
6644ba43-b8b7-4e47-bd97-c0e41380d285	2034-06-14T08:38:07Z	B,C,D,E
a7dda1c2-97ab-419b-b204-799cbc2a90c3	2028-05-25T11:27:28Z	A
5fa6497c-b23f-4d42-b225-4589941ab778	2025-04-12T11:34:05Z	B
c1252f82-3072-49e1-9184-6c048f9940a1	2025-01-29T00:54:52Z	C
97f9c321-10e5-458a-8188-b494f5154d85	2032-10-12T10:33:42Z	D
ded29347-293f-4d07-9e89-f07351b5585f	2032-10-22T04:11:44Z	E
cc562e61-758e-4f3d-9bad-b18dd87923ef	2029-02-22T17:51:17Z	A,B
f9f24fb7-2fba-4461-9f31-3b25a312aaa2	2031-10-02T05:30:52Z	A,C
4b31b8eb-ea48-40c3-b40f-11a6f53a14f8	2033-03-17T00:28:21Z	A,D
737775fa-6685-4d23-a5a1-70a0333f1fc4	2026-02-10T21:19:38Z	A,E
98e670cf-57b4-46b9-8fcb-e488526f23c5	2034-02-13T10:52:47Z	B,C
de4a1a89-aaad-4d30-be7a-c98c7214def8	2025-11-19T18:48:53Z	B,D
f6cd6d2c-4490-4de1-9dc9-e64b489dd06e	2032-07-16T15:02:44Z	B,E
23278964-9b88-4b3d-95ed-91eff845f552	2026-02-11T06:59:50Z	C,D
5516605d-fd72-48df-b15d-e6109cf1ffa4	2028-09-25T11:26:42Z	C,E
49cf70ee-5ed5-4971-94de-56b83f5d0d13	2031-08-20T15:14:46Z	D,E
d086ce37-48eb-48ee-97da-718285a15179	2026-10-28T09:38:48Z	A,B,C
03c1b714-6513-44c6-a14c-3fa8c5e84990	2025-03-05T09:18:38Z	A,B,D
5030796b-a42b-41d0-b002-5d49cd21369b	2028-01-23T23:06:56Z	A,B,E
56a9cb5c-a804-4cb8-b1f8-1ba55648e6dc	2033-01-28T13:32:08Z	A,C,D
16ffd907-06e9-406b-88dd-71144cf71222	2034-03-18T18:42:44Z	A,C,E
2dfcb7e1-4c34-41d7-930a-4dfedc9ce5e8	2024-07-02T17:05:10Z	A,D,E
29eea1e7-6d5a-4d2d-87cf-a2c2081ddfb9	2025-01-09T08:12:44Z	B,C,D
1ee1eb18-f564-4b0b-af02-e1cd41e87041	2031-02-10T02:56:55Z	B,C,E
9f6592e5-b7cd-4c9f-9948-e136da066ec4	2026-10-09T11:48:40Z	B,D,E
d8fe002d-f207-4c2e-8567-b0befc489ca0	2027-03-01T20:49:20Z	C,D,E
0ab2c2b1-8c66-450f-bd71-41760b483d79	2034-03-20T03:46:19Z	A,B,C,D
68fea3ce-61b0-40f0-83af-a5bcbb939601	2034-01-31T01:48:59Z	A,B,C,E
0fbd9d7d-5629-49da-8686-2b05a56c1d69	2028-12-07T21:47:36Z	A,B,D,E
2fa847e0-c964-4a20-ab68-446184a7d8b3	2025-01-07T13:00:04Z	A,C,D,E
17ced6f0-5eff-4429-9d77-93db989fdb2a	2032-11-17T03:42:00Z	B,C,D,E
e7a40404-454f-48e0-80be-14eeef61c0cd	2030-10-18T16:57:50Z	A
4d59fb36-c29d-4b88-90bc-6f7f7c378ded	2029-06-22T14:33:38Z	B
5f9c31f3-f22b-4abe-9f58-0002604e4c5f	2032-05-30T05:09:36Z	C
b649c371-ebd6-42ff-b3a6-da30d4208511	2025-07-19T07:12:04Z	D
b1f97127-02d1-46d1-a0f7-cce56d92ee55	2031-07-25T18:48:07Z	E
e6cfa1ce-9a0a-4fac-813b-6ed079f53902	2028-05-13T23:41:57Z	A,B
cfd08ae4-a8ba-4e9f-80df-7d1f44819cc3	2029-11-27T10:02:45Z	A,C
79987410-bca8-43ac-b354-a839967cc268	2025-05-21T05:28:31Z	A,D
69c294e7-cdb9-4049-b6bc-12d5e8d2e355	2026-06-01T20:05:01Z	A,E
50c6dbca-78e8-4e9c-aa15-69adebd1dff4	2031-04-01T02:05:27Z	B,C
faf6e689-0c43-49c0-8f45-8b3c211bb9ab	2026-07-30T23:55:13Z	B,D
efe8f591-5f62-4dc4-a02a-bfeee235baab	2029-02-13T05:09:45Z	B,E
fb9fbba1-768f-4d8d-8f51-d2691923ea18	2027-06-24T14:34:41Z	C,D
77a953ae-ec8b-4218-9f04-9233a797b5f1	2029-03-05T10:58:25Z	C,E
6efe92c9-9039-4228-87b3-2c164da38114	2034-03-31T04:45:37Z	D,E
e31a0d71-e24d-482a-8b46-fd95337598ec	2024-07-15T06:21:58Z	A,B,C
df07ae7d-1442-4546-845c-4f081afdb234	2031-08-05T01:29:18Z	A,B,D
94684a58-17cc-4ef2-a4e0-c10544df1455	2032-06-21T06:32:06Z	A,B,E
a0eed912-60ed-45ba-9e58-cff91964a387	2031-06-09T06:07:38Z	A,C,D
2a25a619-2f85-40f5-9577-9b2b4834bb21	2029-08-25T13:14:23Z	A,C,E
26ef0058-ecb8-402d-a3ed-b92718a7f19a	2027-04-26T17:28:53Z	A,D,E
14b447e4-3a0c-4eb0-b661-84d21d4c5d4b	2031-02-01T06:33:44Z	B,C,D
0891301f-7b6d-48cf-ac46-8c22d10419c7	2027-08-29T18:32:29Z	B,C,E
b5aa0d05-7e54-44c0-83e9-5b2507bad271	2031-01-25T09:13:26Z	B,D,E
ae73a0d1-7a45-438e-a333-9bed738d9cba	2025-02-27T03:03:27Z	C,D,E
9d7c8a8b-07c9-41b8-855c-9d025b01664c	2027-03-09T10:37:44Z	A,B,C,D
b59fe112-73f3-4621-b380-d6ae10ff8880	2028-12-14T22:52:23Z	A,B,C,E
f93cb00c-030b-4627-918d-61aaa8b8598b	2027-12-17T11:17:24Z	A,B,D,E
b6fbf4e0-903e-40f1-83d7-bbdc2616c614	2025-03-16T08:19:15Z	A,C,D,E
87076548-b1ce-4c71-bf38-6a4d91552d7e	2031-02-10T14:08:01Z	B,C,D,E
2edc48dd-2193-412f-9610-85cd99e28c6d	2030-08-23T14:38:02Z	A
2a0d791b-fc80-43c6-a418-8509eda03af1	2027-06-25T20:39:39Z	B
fdb2135b-1f86-45b3-9d04-f0958f543980	2026-12-08T16:58:49Z	C
6962e401-1452-49d8-96ea-5a3b101d96d7	2028-11-03T19:03:26Z	D
2788c788-3483-4a23-ab3d-2a1b0189739f	2034-02-10T21:30:14Z	E
022fed8e-7a2f-4750-81d9-5464b20f3ce4	2030-04-14T04:42:49Z	A,B
f90481fd-09c3-4142-be32-19376a545c1b	2028-07-20T09:35:44Z	A,C
7bd438b3-06f6-43a2-ad69-0e334e80420e	2025-12-08T23:19:57Z	A,D
1ed752e8-6446-4c5c-9f08-3eb452605734	2030-10-12T00:32:19Z	A,E
06bd7307-440e-4ca4-9df2-e9bc78eedda4	2034-02-03T17:31:16Z	B,C
53342a0f-c0d8-4be9-8bea-3d6e613010d5	2030-06-27T22:03:01Z	B,D
30a73912-5128-4c13-88ea-eb9ba599478c	2025-03-11T12:58:28Z	B,E
8e5eedcc-1e4f-4b9d-8d6a-6effa81207da	2033-12-06T19:39:32Z	C,D
b569e78a-8826-4fab-88d0-a5729e2395d5	2031-03-24T08:39:11Z	C,E
f2a53f62-bdda-4dfe-9e5a-247cbc96f462	2027-05-19T14:50:11Z	D,E
4346a486-ac0a-4850-8b15-c816ca013577	2025-03-31T12:09:12Z	A,B,C
829c9145-0b9a-4517-86ed-d82fb582af87	2032-02-20T23:47:24Z	A,B,D
58d6ee0b-ebb7-4cbf-963f-1a8c873e4f86	2024-07-18T00:52:43Z	A,B,E
aad79764-43c0-4b19-bc90-eb7ce38e9171	2030-01-16T04:11:20Z	A,C,D
cc3425f9-a98d-409d-af79-494692048f2e	2030-11-16T13:54:39Z	A,C,E
d3f6c754-6896-420e-8e46-1dec94fcfadb	2029-06-28T04:22:29Z	A,D,E
84a563bc-111f-4e4e-be61-bf872ac05bde	2025-01-25T07:15:06Z	B,C,D
141faba7-da01-4bf7-8e7c-9a3552f4ede0	2026-02-02T06:13:37Z	B,C,E
cb3c80f3-8fc9-4009-9e65-bf23105c4827	2025-09-01T15:21:04Z	B,D,E
bec16d94-4d10-4363-b94c-5fcfb3b8cef5	2032-07-11T15:47:45Z	C,D,E
b2dc209e-e5bf-4f4c-a6a7-1c93f9083f10	2030-01-14T17:02:09Z	A,B,C,D
1d2e6c55-7c05-4eeb-832a-7afa28a7faed	2028-10-03T03:30:51Z	A,B,C,E
db1c9c10-9a89-46c4-bf57-3c88a9a7d33d	2031-09-08T09:12:59Z	A,B,D,E
da25547d-4eec-4fd9-b6ca-797e8a5f3620	2027-10-31T05:38:08Z	A,C,D,E
968a2c92-3cdf-472c-8591-facafbe0db1d	2032-10-10T06:28:01Z	B,C,D,E
cbc90f01-1fce-43bd-bef5-5cb7dcc9b1aa	2034-04-20T02:15:47Z	A
7d71e38f-aae1-4ba5-8fc1-939006a56bcc	2029-11-26T23:04:30Z	B
bed85bee-af79-4eb2-93ef-86473544881f	2030-03-06T05:55:53Z	C
674cc17b-b1e2-43f3-9eb9-2abb30cabba6	2025-07-09T22:25:35Z	D
a10affec-77fb-4f86-a1a4-ca6adde00380	2024-12-02T06:04:31Z	E
31c2bf95-1ff0-4daf-bdef-f4fdc29f2055	2028-07-15T08:03:06Z	A,B
2150e0a4-48b4-44d2-85be-ced6f5e35aed	2026-03-27T10:34:56Z	A,C
46d20f5f-6283-4153-a076-dd8e3b961d8b	2027-11-04T23:45:33Z	A,D
93281226-739a-43a7-861b-606d2d9c61c8	2028-08-11T15:55:16Z	A,E
daccfdcb-2000-4cd4-a99b-ffd541424327	2029-03-01T10:39:40Z	B,C
27a3c530-0e81-4f90-bfac-4727fdb0ac33	2030-02-07T15:39:00Z	B,D
0c6b2b8c-b9ba-49a1-a494-2d89e1bf5bd0	2029-09-19T07:44:00Z	B,E
c02915aa-4918-4bcf-9705-3cf9c1e3a553	2031-02-17T14:14:25Z	C,D
d3711a08-1094-479d-b3c2-dfb5441287ac	2033-03-25T00:03:34Z	C,E
de77996c-4695-431b-a4ce-82c137af575c	2032-11-02T05:08:29Z	D,E
dc3f7422-93d3-4f90-99e6-04747eaedad9	2029-08-18T07:11:28Z	A,B,C
35d81234-1007-46fb-a1f7-9a622c1e35cb	2027-09-04T20:20:03Z	A,B,D
a748157f-e383-4d41-b5a9-079e0d3543a1	2026-10-08T08:54:03Z	A,B,E
85a56820-39dc-455b-8a1f-e6195d3a4ebb	2027-06-16T14:27:24Z	A,C,D
91cc47bd-710c-4ecc-94ec-56f4ba75797d	2026-07-24T01:47:34Z	A,C,E
3a9176ea-9099-4af4-ac8d-56a063e5a908	2029-08-19T11:11:43Z	A,D,E
2138285f-8577-44e0-9ea4-76440c3b228f	2029-11-17T16:28:02Z	B,C,D
db91c02b-b299-4d42-9825-287abe49d039	2033-04-21T11:13:04Z	B,C,E
3f2006c2-3214-486e-87c8-4a9ecc2f44fb	2028-03-05T18:04:12Z	B,D,E
2fdd415e-88a3-40fd-b029-fc530ad6f6a0	2028-04-25T01:11:22Z	C,D,E
1290e707-5595-40da-bb70-3310584626f3	2028-03-27T15:41:33Z	A,B,C,D
f49e2fc1-0e12-46e7-814c-fc7583505243	2031-04-04T04:02:03Z	A,B,C,E
468eeb5a-bd4b-43e7-8531-69fd4cda40f2	2024-11-14T05:35:44Z	A,B,D,E
4d686cd7-3833-4a12-b4bf-368b945b4a9a	2032-06-24T20:15:28Z	A,C,D,E
4648e544-e511-4bf5-83f2-99e94f0f23b8	2024-07-28T02:52:41Z	B,C,D,E
abb27648-39b2-4409-95d6-7d5605854611	2031-05-17T21:35:39Z	A
e7ce07d8-d1bc-43a0-89fa-d7c1ef30f031	2032-01-04T06:48:48Z	B
0606047d-1313-45ab-92fb-b6012fe66b2f	2024-07-24T20:51:45Z	C
166c74dd-d733-48f5-880a-84a58d5fefcd	2028-09-24T01:36:31Z	D
824eff21-043d-4275-bf92-0c97e590f27f	2025-05-18T14:37:46Z	E
67b6ad80-a19f-4f54-84b8-d10ed82ca410	2026-11-09T15:49:44Z	A,B
4bf29c53-61a4-4d01-833b-19a826306c2e	2031-06-09T09:51:43Z	A,C
b8dbaa26-7282-49d9-a40f-3c68d49b8a09	2033-11-01T12:36:57Z	A,D
3974014f-c344-412a-8064-4de7e3eb696d	2028-02-05T06:00:44Z	A,E
5a89d3c6-e5f1-4510-a9e4-0125cb29642d	2027-03-26T09:12:47Z	B,C
6b5c73b5-428d-417c-a891-d6ff0bcf8115	2034-06-15T11:13:10Z	B,D
d27d8920-62fc-437e-97fe-05d650d528da	2028-12-20T15:32:01Z	B,E
33f86cff-130f-404c-b556-d0e03b96d161	2031-09-18T10:57:40Z	C,D
9f70fa1e-9fb7-42b8-b32e-927477d72e9b	2028-12-18T19:37:34Z	C,E
88428270-d328-48e0-a6c4-c2cdf804bf52	2034-05-20T18:32:45Z	D,E
04f4b31f-b27f-4d9a-b496-b487736c1faa	2025-09-23T06:31:08Z	A,B,C
af695027-0cb5-4383-9371-8cd8c59940c5	2033-10-01T01:10:47Z	A,B,D
f34a3d7a-6866-4f53-b8a7-0e2a9fa4e3f3	2027-02-13T04:48:44Z	A,B,E
0199bb30-e3b9-4b7d-a2b7-292d66b366f8	2031-05-25T10:45:13Z	A,C,D
08f0fd30-9931-425c-bb8e-16c1c761f8ce	2026-12-09T22:09:23Z	A,C,E
09be099c-19b4-4f14-82bf-0de0d34d6fa1	2024-10-01T12:50:41Z	A,D,E
5be97a3a-8b3e-4f43-aa8b-9312cbb3c857	2024-08-06T07:24:53Z	B,C,D
c515033b-05f5-4622-82d8-f24a3da0f38d	2029-09-01T05:32:47Z	B,C,E
ba13c829-3229-479e-869d-fe7dabd62e3f	2026-09-05T23:18:22Z	B,D,E
984c6edd-ee4a-44fb-8818-f5b321b1ebd7	2033-03-07T04:59:11Z	C,D,E
dfcb9a06-7522-4982-90ef-e51471acc306	2032-08-18T08:13:31Z	A,B,C,D
7b5254b7-a81f-4882-9acd-cf9c1ffc0fde	2033-01-25T20:47:15Z	A,B,C,E
0e3296eb-a175-4233-be97-039296fc7f3e	2024-11-23T15:40:59Z	A,B,D,E
30f84830-b1ba-4a80-9da3-7c45af0f3592	2029-04-29T02:41:29Z	A,C,D,E
88952516-ff7c-411e-9f8f-2db6b2235126	2031-04-30T18:05:40Z	B,C,D,E
b3e47d7a-905f-4f43-a83b-78f6dc693dfb	2027-09-13T17:01:05Z	A
94aa8f04-d64a-449f-a66e-d98fd136a591	2031-05-23T04:00:31Z	B
fd549b58-063f-40d2-8842-f16d4aae2d52	2027-03-30T13:06:04Z	C
605c53a4-339a-4bda-a1b2-aab436823d8f	2032-01-19T11:27:19Z	D
c0e0d043-4fd2-424d-a129-e263ff5739b4	2028-08-02T09:23:11Z	E
42808eae-5e59-4932-af32-aa64227a8a46	2032-08-03T09:30:35Z	A,B
3db524ee-3063-4f33-b1a0-72fb04335cdc	2028-02-09T02:36:34Z	A,C
81665625-8883-44e9-bb97-16609bc842f8	2029-12-07T10:17:31Z	A,D
d2e4a378-ce9b-4820-b1c1-dc872d0b8130	2031-07-13T13:33:33Z	A,E
0b27cc33-8003-4617-af5e-f86a1e657901	2030-08-11T04:40:59Z	B,C
02060edf-4232-4fc9-9a24-2914cb094809	2024-08-12T00:14:05Z	B,D
e99246fa-e549-440e-87a5-a376801b2454	2027-12-07T05:52:47Z	B,E
8a3d3560-9207-4ffd-a67c-7e7f1b10a735	2032-07-27T07:59:24Z	C,D
1099b009-4c53-41f8-84d5-7eb724b94a5a	2032-03-22T19:05:02Z	C,E
3170ce52-41db-4fe6-8b91-49fe609704cd	2026-04-25T07:25:11Z	D,E
46d8a14f-d3df-4e7a-841b-7277a2b3ae56	2031-11-06T13:03:55Z	A,B,C
8431c67d-36f5-4216-acab-088b32f4c846	2026-12-08T13:08:45Z	A,B,D
787aa798-2cc9-480f-bac1-3991e36a70b2	2027-10-09T22:12:32Z	A,B,E
4413a511-35cb-4eff-b44e-49630f8f8064	2027-06-23T16:23:00Z	A,C,D
d7318c61-60ac-4a4e-bc84-f4f8be9f5004	2034-02-18T06:38:42Z	A,C,E
5245c92a-0b90-4fe9-a19a-e322791ac71e	2029-09-01T07:04:39Z	A,D,E
b74f8f99-e6d1-48d2-84a6-1e73141a59de	2034-03-26T17:06:57Z	B,C,D
4d99de11-d15d-468f-b836-6185cc693897	2027-09-29T16:13:18Z	B,C,E
ae3cdc73-73c6-48b8-a030-7277add4abf9	2030-01-27T10:58:48Z	B,D,E
5fff5139-4132-48b6-ab4d-ba9ff1261598	2028-06-15T05:32:33Z	C,D,E
ac829762-67fc-4317-97a4-3c15fa23f578	2024-07-01T10:11:07Z	A,B,C,D
e9625d47-84cd-445b-be48-2e85998388e6	2029-02-19T09:45:16Z	A,B,C,E
78d0ada0-186d-4312-9fac-0b0fbe6abf81	2033-09-24T00:20:46Z	A,B,D,E
93b332ef-e1de-4641-a137-6dbb4e78b699	2026-12-17T06:55:45Z	A,C,D,E
fb4d7297-e411-4db9-8b2c-ddb4ce7aa452	2031-04-24T11:32:12Z	B,C,D,E
6cc01e3b-eb7e-4131-9493-ae288903be1a	2031-09-04T00:39:43Z	A
3a53aea0-86c1-445e-a716-9ce941411da7	2028-05-09T17:26:04Z	B
0361f7fc-bf94-48c7-ab75-640d9b263006	2025-09-21T21:28:24Z	C
0ac34f6b-5fd4-493c-8fc0-c13772f682c4	2029-05-07T20:43:44Z	D
41e28a2b-0903-4f59-b8d2-c65b2e1c0727	2033-05-28T21:43:39Z	E
25f083ab-8675-47c1-a968-4df21e8f122d	2032-03-27T05:52:05Z	A,B
101ea5ce-a5b0-4cf8-b86f-9bfa813a7e50	2028-10-07T06:51:04Z	A,C
dbcd1a0e-7a49-4218-a154-3165ce14e0b6	2029-02-03T20:59:13Z	A,D
7d4f8fd6-d3dd-4eb7-b2dc-11c5606a7134	2032-03-13T01:22:22Z	A,E
efd31755-a73c-4ac0-ba00-2d9d0978d142	2025-08-01T01:36:48Z	B,C
23454e6f-7cb1-4efc-b56e-d3516e248088	2031-03-31T18:48:17Z	B,D
26700170-e972-4db3-a292-93dc1ee930f2	2026-07-22T08:19:40Z	B,E
9874f5b2-3c56-4713-b1f0-7672c061549b	2025-04-27T07:02:27Z	C,D
f0b512cd-013d-4119-b8e7-265eb1d869d4	2031-02-16T06:36:37Z	C,E
de88e83d-8d94-47aa-bc03-7d1992602dc3	2029-04-14T02:01:31Z	D,E
12c62f83-0dec-4ed2-8f8a-6ddb4a0f4289	2029-01-02T20:40:33Z	A,B,C
c4ade722-8da2-4a20-9d82-3ff0932d7952	2028-01-11T23:21:06Z	A,B,D
7d60a72b-f71d-4bf5-a783-43f67e963a50	2026-09-18T21:04:26Z	A,B,E
5613df7a-231c-41e6-a78a-7302d21c03a6	2034-06-14T03:34:09Z	A,C,D
6684ab99-e098-466d-b3d3-1d12c202d68e	2027-05-07T01:51:40Z	A,C,E
627bd94a-ae66-495f-95a4-1731dc26d1ec	2031-06-10T15:23:52Z	A,D,E
6c3198c5-6ebf-4eb5-b3e2-d6f3881dd139	2030-07-04T19:08:08Z	B,C,D
a7dbe84a-db44-4913-bb06-1a4fe03150f7	2024-08-10T01:18:44Z	B,C,E
4c84713f-a48d-4cd6-96e0-ffecc4083e10	2026-02-25T16:16:31Z	B,D,E
5ed825b0-7c3b-4305-8264-a4fe306554f7	2026-02-23T22:02:52Z	C,D,E
a62ac4ca-9c32-4428-9c77-5dfb42222530	2026-02-01T17:54:17Z	A,B,C,D
dd21ceda-23e3-4b18-9901-7da1dc3d8407	2025-05-06T16:08:29Z	A,B,C,E
d2cc0807-9964-4404-ba3d-d63f810be468	2026-04-08T03:52:05Z	A,B,D,E
244019b4-026f-4d53-9f90-750e43102e7b	2029-07-08T22:39:05Z	A,C,D,E
44998bc9-01cd-4427-9810-6349e40b1048	2033-01-06T10:43:15Z	B,C,D,E
833aaeca-d7f2-41cb-b3d0-1410f20c52bb	2026-10-17T08:51:55Z	A
1ddb145f-5f2d-4edf-bfde-4e378888e2cb	2030-01-18T08:57:25Z	B
6cfedec7-88b2-4d3a-b128-a1eb8b5032f6	2029-09-08T10:14:12Z	C
980f29c2-74b5-4ddf-8ac7-5d8b60dec70a	2027-03-14T21:28:28Z	D
3979a9da-42d3-4760-a53d-55e55c76f557	2026-06-01T11:13:14Z	E
329db0e6-f1e0-433c-9fa7-fe22041a3da7	2033-12-30T09:59:41Z	A,B
68f1b6ca-3206-4a2a-a649-633b67a98433	2033-06-19T04:42:15Z	A,C
f4b9654d-3765-41a4-aa4d-7ca1243cadc4	2031-09-19T04:31:35Z	A,D
8f576325-b774-414c-88c5-b58aac8445c2	2033-05-22T10:09:17Z	A,E
8532d86e-45a1-4656-9ab9-651c356362eb	2029-01-12T22:37:19Z	B,C
68550139-0421-4ed9-b6f4-037b3ac1cc8e	2034-02-24T02:35:10Z	B,D
b54691b2-b670-4009-b64f-ee9f8409f16c	2028-04-20T14:35:44Z	B,E
a1ab3945-b34c-4dea-be18-0aa008828fdc	2030-11-08T18:40:51Z	C,D
b94c25d5-cc94-4174-8a31-5ca6b1ef7246	2027-04-26T16:10:20Z	C,E
1cecf818-49cb-4eb1-81bf-1f561b35e1c1	2026-03-23T03:56:35Z	D,E
f912ea44-8a49-4434-a962-dde6b3babe30	2030-03-01T08:26:19Z	A,B,C
6cd0615d-b81e-4b50-8488-b6bf61134238	2033-09-29T09:20:38Z	A,B,D
673d660e-0a06-4588-81ba-7372c276da94	2031-02-24T01:26:28Z	A,B,E
00796d1c-b37b-4ce0-9a0e-a1077883394b	2030-08-11T08:34:27Z	A,C,D
b01744df-a4e8-4dc6-ae00-8240fee7995f	2029-08-31T09:28:50Z	A,C,E
7df83f10-5acc-4f9e-ba98-de8271c83bbb	2025-01-08T19:17:20Z	A,D,E
15b6aad3-3217-425e-9905-be16cb7fdcc3	2033-11-12T19:31:16Z	B,C,D
694109e5-2d78-4e08-8fe3-68729097be5a	2026-06-07T17:57:11Z	B,C,E
9298ea5f-635a-4765-ac8f-2bba040178f5	2034-01-11T11:10:33Z	B,D,E
4038171d-f336-445c-8289-36701ca2a306	2034-01-29T03:56:28Z	C,D,E
dcef0e2e-5187-4539-94d2-779cc1d1bff4	2026-12-05T22:51:53Z	A,B,C,D
a6c18af8-a34b-440a-9635-4f2bec32ec43	2028-01-20T06:55:00Z	A,B,C,E
6f8da810-d6c3-43f6-91df-534f61461380	2031-09-26T17:56:42Z	A,B,D,E
63fa1d02-34fa-421d-8268-6b9e489ab7e4	2030-06-19T17:44:16Z	A,C,D,E
4833e0bb-b651-4c88-9905-ba981084f790	2033-01-06T08:39:33Z	B,C,D,E
0799c050-385b-4252-ac7b-bd9aa06e1237	2033-07-17T07:38:28Z	A
59c0e0ea-1a08-4bbc-82f7-98d9806c6f4e	2025-10-30T11:30:03Z	B
78ff568a-7b24-46d1-a73e-a3a89de88e00	2025-03-16T09:39:19Z	C
bc98efd8-3a6c-4d7d-afe8-3836e971a939	2030-10-22T07:31:06Z	D
df869c39-0207-4bb4-8ab3-e63532d6f0f0	2030-06-26T11:45:34Z	E
e7f1eddd-9959-4fe5-8641-c27081c21c64	2029-01-19T14:51:47Z	A,B
90ae4665-bd2f-4447-9e8d-105bcb496e8c	2025-12-08T00:55:19Z	A,C
82c8d926-9a1d-4f8d-a9c7-0c91e898bfb1	2030-08-11T13:29:54Z	A,D
3538a545-609b-481e-9b80-58fe52dbd132	2028-01-19T07:44:31Z	A,E
76e15cba-46f9-4500-93b0-57f8d9e7b306	2033-05-14T19:23:43Z	B,C
9934780f-ebe7-4416-806a-c91645c74b6e	2033-09-13T02:46:13Z	B,D
58a52561-eb9f-47c1-b509-3a8cf47bf199	2033-12-26T20:36:31Z	B,E
554fb7ff-b430-4e34-a249-9f238fad5366	2027-02-27T02:46:05Z	C,D
1089bc36-6d66-43b3-8f9d-3c57ae04d05d	2025-06-19T05:16:53Z	C,E
8cfc9e35-7910-459c-815a-609fba765ff8	2030-05-07T07:02:46Z	D,E
3b6a1b3a-b072-4e15-af03-214402582ec7	2032-08-19T22:39:49Z	A,B,C
406697b5-70fe-4848-82af-bb9572dd48b4	2031-05-02T00:14:07Z	A,B,D
f5b8196c-570f-4aec-a38b-3711914cb6e8	2030-01-20T08:20:55Z	A,B,E
28cfe9de-9a5d-45f5-917a-5bd07c49128c	2030-09-01T15:16:01Z	A,C,D
2126d15d-61c7-4317-b9b7-3b713d0e07b3	2025-12-21T16:33:52Z	A,C,E
9018202c-9566-48c7-b2d4-65e159cfe7f7	2033-06-15T13:16:12Z	A,D,E
5b11dcd3-393a-494b-93c8-97766a8d2beb	2032-06-15T20:27:27Z	B,C,D
a7f6eb18-e927-4149-a20e-a8a5e655738a	2028-08-29T17:27:12Z	B,C,E
c1d05065-580f-41d0-8886-bbe1daa5380e	2027-10-23T17:10:26Z	B,D,E
101a38ec-287e-4477-a7e6-e711b435e5f9	2029-01-08T01:54:02Z	C,D,E
744bbdfc-b7b2-4b0b-83de-b52d4944ddb2	2033-06-09T13:12:00Z	A,B,C,D
2f80b855-cc5c-42ac-a50d-d4efa6fcfc3d	2026-09-11T19:05:57Z	A,B,C,E
45a17dc7-90e2-475b-9a81-128541c6371c	2033-01-25T07:32:51Z	A,B,D,E
6d0cba49-f5cf-4cb1-a58e-7bb991879075	2033-10-14T03:21:05Z	A,C,D,E
b93c0071-e3e6-41ea-b9fb-ddc0a44caca2	2033-08-08T16:26:17Z	B,C,D,E
a0d846fa-c040-4e83-b94e-6e781bf2e846	2033-07-09T16:32:20Z	A
d5c03af9-45e4-4d5f-a649-34861128cbc8	2033-06-15T10:44:20Z	B
ebb83cd3-cfb1-4786-b3d2-59be81b2f786	2025-03-06T20:19:46Z	C
f1639578-92fe-409e-bb98-aca217111333	2032-04-09T16:23:23Z	D
46163ba3-abb8-4add-a735-dc91653ce3b5	2025-03-15T09:23:43Z	E
e6f0620c-a84d-473c-aeca-653cc0139e38	2031-04-26T22:14:41Z	A,B
1af59011-1fbf-4e18-9023-e12bc8fd5a9f	2025-04-16T12:34:05Z	A,C
11e98bf7-5591-486b-a7d0-3f03bdbc6ed1	2032-05-08T17:59:38Z	A,D
9e9df976-762c-4b80-b3e9-c575131cdffb	2028-12-17T15:53:26Z	A,E
cc5d58bb-8e10-4b9e-aeaa-8df7cf295fba	2028-12-09T23:38:52Z	B,C
204a0b94-6673-4324-b594-fec6e1dc6b77	2029-07-28T01:14:04Z	B,D
7a14882b-a4a3-447a-b979-3a5426f65619	2027-10-11T16:52:28Z	B,E
742536ab-ce0a-4479-aaf0-cefebeb4288d	2030-11-07T13:24:24Z	C,D
8be5d605-1859-4298-8e6a-6630c074fcf5	2028-06-12T09:38:39Z	C,E
9aaf2c58-5be4-4817-aedb-a55542f0e529	2031-10-26T08:40:07Z	D,E
161f2ba7-5505-472c-8180-6600762a6491	2029-11-02T06:05:52Z	A,B,C
c48cb064-1e00-4bf5-abd2-22113b3b37f6	2034-02-12T04:35:22Z	A,B,D
8fa5da1b-19fe-45bc-afbe-afcbcd1e51b7	2025-11-09T23:07:42Z	A,B,E
8b69e2b2-bf4e-4e75-a162-a8597afea15b	2031-10-26T23:36:14Z	A,C,D
7e8ab8e9-c604-4a51-884c-6b3880efea60	2033-01-05T01:49:52Z	A,C,E
21859735-eb56-4a09-9d3f-66412ef4d4ed	2026-09-13T02:34:28Z	A,D,E
7d19d958-5476-4d49-b974-84c88d18d17b	2032-08-06T16:48:43Z	B,C,D
0906e0e0-0955-4d92-95d9-73138287725b	2033-02-27T04:56:28Z	B,C,E
f5a709e8-6212-401f-981d-18662b634c9f	2029-04-25T00:25:01Z	B,D,E
b8435c19-8d7c-41fb-a55c-1ddc35b94c63	2034-05-25T03:18:53Z	C,D,E
008e2e39-b98c-46ba-be75-6c0ed0e8f2ef	2030-02-14T04:11:16Z	A,B,C,D
590c1e88-f2e7-4de0-a93a-21ed79135e31	2031-09-01T00:15:04Z	A,B,C,E
12dbd030-5fc7-4473-af04-d63595722241	2027-04-03T20:41:36Z	A,B,D,E
c5393597-e2a4-41dc-99e7-d97a45860406	2027-12-29T11:38:42Z	A,C,D,E
9d32aa7a-a878-4674-9431-68dcb70c7390	2031-10-30T20:35:28Z	B,C,D,E
9bd72832-cdc5-4614-934c-653c25f16bd1	2034-03-06T01:54:53Z	A
1a407729-145c-4863-b4b0-9ea97520a440	2031-12-25T03:45:58Z	B
4b22fd23-12ae-442a-9fe2-4fe40111214e	2031-12-10T21:16:03Z	C
bc0ce6a8-bcd9-439f-b308-7140a01a83ec	2032-11-27T22:12:21Z	D
7d5be75e-1095-4bd5-b204-535834258610	2032-02-18T08:22:32Z	E
0373b7d6-b554-4d1e-886e-738dc53259b9	2032-10-30T10:53:52Z	A,B
3b2ce4d6-c210-44ab-b77c-e68642eedb61	2030-05-29T08:24:41Z	A,C
34994155-1d7f-4805-913c-1a7fe01f33bb	2026-05-16T18:00:06Z	A,D
b64938ca-7679-4293-a7b0-5f0b4b4cc3c7	2031-01-12T22:16:24Z	A,E
752cf6fc-a92a-4ad3-a2ee-aff34572ed8d	2026-02-06T01:40:51Z	B,C
a404026e-8c64-4671-a253-0378b07c4a7e	2031-01-21T06:43:11Z	B,D
134faaa5-e963-4d37-ac70-28fbc599dea4	2030-07-15T07:05:26Z	B,E
367a558b-2931-4027-b9d8-6bae8783a0e4	2032-03-06T21:48:36Z	C,D
086bea15-0bdd-4f51-b9a4-a68e318d8874	2029-11-12T04:56:42Z	C,E
8623d03e-f6c0-4e9c-8000-7b39bd62f25d	2029-06-03T00:48:20Z	D,E
37fcea42-2acf-417b-b6f2-4bdecfc7eafc	2034-01-19T13:45:36Z	A,B,C
83ad70ef-c047-4de6-a666-4739f544cd02	2030-02-24T00:02:21Z	A,B,D
515a66cf-7cae-400b-bea3-ea0439c12356	2031-04-13T14:31:31Z	A,B,E
4a0e29c5-e919-4efc-a2bd-9b071df63f31	2029-06-18T09:47:55Z	A,C,D
86c0300b-ba8f-4e31-ac25-ecd34ff05458	2027-12-15T02:21:23Z	A,C,E
177d6d17-1f3d-4dca-b0ab-df4f3d23a5e4	2031-08-04T19:19:07Z	A,D,E
4bb45233-0790-44a5-9e35-197a48d2ac04	2028-09-14T19:40:44Z	B,C,D
c29fdb2b-2218-4800-b7c8-ca281fd4ac8c	2024-10-10T06:41:03Z	B,C,E
ed90c7d9-d339-4f41-a73c-9ba591c270f8	2025-06-24T09:31:54Z	B,D,E
74267a5e-0a05-4be2-8736-f0a74384a5ad	2032-03-03T10:36:56Z	C,D,E
d9fea60d-9100-4c4e-a8fc-4172b845fe83	2026-10-04T17:49:56Z	A,B,C,D
0407b23c-6afc-48c9-b39b-63a180e090e2	2032-04-03T19:13:39Z	A,B,C,E
09a5fa8a-939d-4ce1-a06d-e9cea2b2df6a	2029-10-16T17:24:42Z	A,B,D,E
9b7e76cd-3f7c-4f84-9345-2e8c291844b0	2028-08-10T11:13:32Z	A,C,D,E
f5d81dfd-2798-4c05-8a2f-be5d2a1d919a	2031-12-29T05:09:48Z	B,C,D,E
0e330532-ca69-43cd-bf36-5fb72fa1fa6e	2033-11-14T05:46:54Z	A
5b4e20d0-f5f8-4fa5-b8c3-88ab2c70379e	2029-05-08T08:05:32Z	B
f7751653-d2b3-4666-8ac1-b0f184a5c4f4	2026-08-01T14:20:02Z	C
954e0738-a890-40dd-96f0-0b733273abbd	2028-02-25T03:51:45Z	D
8b2c93f3-a6f7-4346-918b-565b36fd2939	2031-07-17T15:45:49Z	E
6d819304-d0bd-4c52-bf6e-47f9b4e55e3f	2033-08-09T01:47:54Z	A,B
31137039-7fee-4831-9b83-8ebcce3435b4	2025-01-25T16:43:46Z	A,C
12e31dac-a6ae-442c-8fda-9e7f10094937	2026-01-09T14:43:55Z	A,D
0cebfbef-255a-4722-9b0c-38eeacf0ec90	2027-01-29T20:25:09Z	A,E
866260b1-47c7-413a-9604-7675e4efbc67	2025-05-07T13:02:45Z	B,C
de8c62b1-5428-4609-bcd9-fa0d6596e3d3	2027-01-12T09:44:27Z	B,D
0e1ac245-598b-4faf-86b6-fabd7cd2823a	2027-04-06T14:26:59Z	B,E
3d1114b7-3bed-4051-a2e8-c3dbb3fed2ed	2025-09-10T10:42:21Z	C,D
9e0ae04c-73ee-4d7d-ab49-326e5734d245	2031-05-20T19:09:42Z	C,E
ec6bda96-b17b-4db1-b0b4-22929dcb43c2	2025-11-22T04:39:04Z	D,E
07d5c11c-8617-42e5-9656-37efd6ad96d8	2029-01-12T15:58:10Z	A,B,C
21b0df18-2815-4d50-8965-e17408fe7ac2	2025-05-05T08:47:33Z	A,B,D
dfb7b45d-6f46-40e3-8447-2fac7c57da75	2029-01-02T01:05:07Z	A,B,E
4337283b-77ca-4b81-a2bd-53a16b8686dd	2029-10-17T07:44:02Z	A,C,D
45124e68-08c6-4de3-979a-4731096d595f	2028-03-21T21:49:30Z	A,C,E
ce35c895-0ba2-4603-a129-ef0f65073561	2031-04-08T18:13:36Z	A,D,E
74b5388f-2df6-4a14-9733-5bfd94bb3e46	2031-04-21T10:10:33Z	B,C,D
d63eda0d-2ead-42be-910f-985fb628150e	2030-08-25T07:52:28Z	B,C,E
19323355-25ad-4d6a-b96f-f8c6a61b0912	2031-08-07T01:15:00Z	B,D,E
9925676e-6c39-4c05-935d-c99f5b4fefff	2031-02-28T07:25:02Z	C,D,E
011ebbd4-0e20-4172-8e70-49aff705b8f0	2024-09-15T15:52:19Z	A,B,C,D
247c4696-9790-43d0-8913-a34c3094f71a	2024-10-14T01:17:37Z	A,B,C,E
b931904c-1a4e-4f60-868a-749bb579fa4d	2032-08-20T19:27:25Z	A,B,D,E
d85d717d-fc9e-42ef-a5c2-285c5c69885e	2026-07-31T12:26:07Z	A,C,D,E
ffa4ab22-5c2c-4f63-a939-c02d037f127c	2028-02-21T15:58:48Z	B,C,D,E
2d4389e4-d56c-478e-a80a-d07160a574cf	2034-04-05T10:43:03Z	A
68e0427a-7cda-4945-9a30-f11ea8efddae	2031-09-15T00:08:47Z	B
19263220-fd22-4645-9c32-a64a9e39736f	2028-04-18T15:56:45Z	C
ac092339-c168-493b-94ac-d2099f716f41	2024-07-09T22:30:37Z	D
104cbbea-4f6c-4183-9cdc-ec350e83e784	2024-10-29T19:37:44Z	E
5cd18d6b-0720-40d8-a336-b49807960ee6	2032-07-31T06:18:37Z	A,B
4f15ad59-3604-4889-973f-04109f4b3a3c	2028-07-26T13:39:22Z	A,C
7c04cd41-0425-4903-a671-1b03c2d42b3b	2030-10-14T19:34:05Z	A,D
1cf40770-a1df-4b72-99b8-675391a6ad72	2026-11-01T18:26:15Z	A,E
a2d8f4f5-5567-46eb-8af2-e96b48815f4a	2029-08-14T21:50:47Z	B,C
f0b91084-59f6-4e40-9045-d51e77f49d67	2031-05-11T17:20:48Z	B,D
9a1b89e2-0358-45de-b14d-12d7870c8c48	2027-10-23T22:02:21Z	B,E
42686bf9-1037-4702-90d5-fbcf745e8124	2025-11-08T11:21:22Z	C,D
13889e73-c450-4087-aa34-a2e437cf11f8	2032-05-12T00:03:56Z	C,E
39b0af63-bbcd-46c5-866e-2dbbe905548b	2032-10-01T12:25:30Z	D,E
09973056-85c1-4cd9-a1dc-96eee449d4de	2032-10-16T05:22:09Z	A,B,C
e319eec3-22c1-48c6-a25f-1d4dcbc28b0c	2027-02-02T18:49:46Z	A,B,D
55e3cfe8-cb6b-4d5c-9015-d8e155810b90	2025-03-13T09:35:29Z	A,B,E
16406b4c-b352-46de-a8a1-7c134b2d93a5	2033-09-05T18:52:33Z	A,C,D
9e34402d-a64c-4365-8726-a7589a382c26	2027-10-12T22:08:54Z	A,C,E
5f6119e6-a14f-4fd1-a0e1-89670f52da29	2032-06-09T18:58:04Z	A,D,E
7a8c5b61-db31-4cd3-8eba-2f4c2b00285f	2027-03-12T13:08:01Z	B,C,D
70b11dce-8a01-412e-a912-fe7c0ef438d9	2032-10-04T08:53:44Z	B,C,E
e414b0a8-6978-4d5f-86b1-ad5956edc0dc	2026-12-19T23:59:23Z	B,D,E
60cb24bf-0df5-4a9a-936e-f0c2c996d1a0	2032-06-18T09:04:12Z	C,D,E
572684b5-ae13-4160-9ca1-599b179f46bc	2026-06-23T13:00:45Z	A,B,C,D
bda19c89-87e7-4064-8e5f-f3193b59268f	2034-05-18T13:15:47Z	A,B,C,E
c74201d9-35be-41ca-b499-106891159b79	2029-04-23T16:55:07Z	A,B,D,E
bfb39c81-5a1e-46f0-a824-880e653e02b1	2028-10-04T10:29:48Z	A,C,D,E
b496378b-9fb9-4f54-9866-74323f482c40	2026-03-22T14:11:17Z	B,C,D,E
e5ddb765-92de-4ca5-a53d-7ad468c06010	2033-10-23T18:28:33Z	A
d75bb29e-0e27-4eec-95eb-27fbc88d969b	2025-07-16T10:33:38Z	B
19d4976c-f198-45f8-9a50-0979bbab0dac	2029-07-02T15:52:11Z	C
b67b4bdd-3459-48d2-872b-b369ded235da	2030-05-20T23:41:49Z	D
8f25a6d6-07a4-4274-b47c-b2478eb2d93e	2025-04-12T21:37:05Z	E
fccd91b2-1204-4242-a64b-d47c0a6ee1a1	2029-03-20T15:58:14Z	A,B
9029ce0d-14e4-468f-8ac8-7704ca833466	2034-06-13T03:25:56Z	A,C
6a9ae4be-12b2-490c-9373-fe65bdaa2afa	2025-10-26T19:56:55Z	A,D
c04957f8-1323-4c8b-81e6-5fb7b0ae7fda	2024-12-23T03:36:03Z	A,E
2768be0b-9fc1-4144-bb0b-ddb353aad0c3	2032-01-24T00:48:50Z	B,C
423abccb-6d62-4f38-9a2b-4cd002692919	2024-10-05T13:09:40Z	B,D
c1386916-013d-4aa4-b84a-642aa156721c	2030-04-23T12:08:55Z	B,E
8de2fea7-30fe-4a94-8166-73c960033517	2032-10-02T22:42:27Z	C,D
d239b78d-554c-4d14-803a-14ffe5a4ca0e	2025-11-29T22:11:01Z	C,E
4d08ebdf-dff9-45d7-998c-1cbd5280c6b6	2028-10-13T22:31:57Z	D,E
1b494a53-916a-41d8-8d21-669feb1a8dbd	2027-06-15T08:56:02Z	A,B,C
0ac0babd-21ee-4c48-a62c-4fb82c3d6329	2024-07-29T14:53:33Z	A,B,D
ed550a87-594c-4b6b-beee-d7ba10ed9e2f	2033-12-22T22:43:12Z	A,B,E
ec476d0b-d056-4e79-9b83-e9b3e56af486	2029-07-19T15:13:29Z	A,C,D
9f7b35bc-5e05-4ed0-8245-4abfe471260f	2033-02-27T14:17:38Z	A,C,E
5f217538-1a3d-4e75-9610-9de8710e7e4b	2030-05-16T09:04:59Z	A,D,E
a94c53aa-4daf-45d4-9b59-2045b6ce3b46	2025-03-17T23:37:40Z	B,C,D
f6efe3c7-b77a-4d4b-b6a2-f42fdbf787c0	2024-07-02T14:21:35Z	B,C,E
0818e050-09b5-444b-803b-7d84c9cbee0a	2031-05-28T18:47:30Z	B,D,E
9f39b873-4b29-48d2-94c6-dff4f6097f5b	2032-10-25T20:10:24Z	C,D,E
2da811b0-a87b-46c2-8471-5288ac814344	2034-02-14T16:47:40Z	A,B,C,D
9e71524c-10c4-497f-8d0b-887dbde85728	2027-09-24T05:52:10Z	A,B,C,E
8d6b3307-624a-4d72-9aa9-c598de26fddf	2026-02-09T18:41:58Z	A,B,D,E
70530e0b-7e54-4d55-b0b3-0ef3fa54c983	2024-08-18T21:21:56Z	A,C,D,E
ac7405aa-e4d6-4235-b8bd-5d71ce3559d0	2030-02-19T18:08:41Z	B,C,D,E
ef61441f-d8a4-4274-b17a-b6aa63a71935	2025-01-15T11:29:32Z	A
86774dc7-211f-4641-b9e7-70565f92fb52	2034-03-28T20:00:45Z	B
6f61582d-c368-4f7a-a621-266cef995293	2033-07-22T16:19:36Z	C
827f22dc-5d1e-44f0-a3e9-8824a8c62332	2032-01-02T19:16:44Z	D
54d6136e-b28a-4e26-8e7d-5f5518dab12e	2029-12-31T18:06:45Z	E
81e20ba7-6a03-41a8-b260-9eda5e82c870	2032-07-02T18:24:16Z	A,B
8ee3e9d0-f327-409b-b04b-ebe70037da9c	2029-02-02T03:47:58Z	A,C
e768455a-5a7e-4cfb-a24c-8befe966e24c	2026-01-23T18:02:35Z	A,D
0954d125-46e7-4560-8335-46261b4657de	2026-11-12T10:18:21Z	A,E
3bff048f-4518-4d36-92d0-fd488df0df95	2028-04-20T23:44:49Z	B,C
60b673e5-3abd-4106-8dbb-2d5ef5eda21b	2027-01-14T09:16:08Z	B,D
cb527da8-f775-4c78-9e95-11b2e27b5207	2030-03-27T08:50:44Z	B,E
2094d836-79a0-4063-a1e8-a7256c53424c	2030-06-08T05:11:24Z	C,D
b7c63f1e-0e3e-464f-9952-ebf9c1769bfc	2031-10-05T02:29:53Z	C,E
a4667e04-b7f9-4e02-a250-f6f6129a115f	2027-06-25T18:57:18Z	D,E
ee3f351b-aed0-4ef2-809f-0bcc8327195c	2029-09-07T03:53:40Z	A,B,C
285548cd-e959-40a7-8347-82d478d83019	2034-03-20T03:47:58Z	A,B,D
85012467-8bac-4354-942b-dcd9cc02b353	2030-11-23T23:38:33Z	A,B,E
812f4560-5a80-49f2-9b78-ed3a3da36c4b	2028-11-05T20:03:46Z	A,C,D
15a67829-7b27-4357-abd3-c75595cd7ec2	2027-03-12T19:48:07Z	A,C,E
9121b60d-f48f-4186-99d3-0eb50e0f8c4d	2026-06-28T09:24:17Z	A,D,E
59c38359-507e-4dff-a098-13d5f55d58e6	2026-01-12T19:34:12Z	B,C,D
3b073705-fe91-4e49-80a6-df48db96235f	2030-10-23T15:49:29Z	B,C,E
ad17a738-a18a-4970-9c19-886e6d45f4d9	2028-03-15T03:09:08Z	B,D,E
69b4028b-39f4-43d4-a78c-b273927ae356	2025-10-06T22:17:46Z	C,D,E
0de4314f-e759-4a25-84d3-862d92398071	2026-10-24T00:20:22Z	A,B,C,D
6c006c3c-ca6d-4cab-9509-432310fc59a1	2034-03-14T21:46:17Z	A,B,C,E
704674b7-6ce5-4aa7-9aee-93931a9c21d0	2031-09-13T22:01:15Z	A,B,D,E
7b41b270-6ff1-4fda-9446-8f5937c49693	2031-09-30T03:12:35Z	A,C,D,E
3eee6a61-22bd-49b6-8af5-7ed10dedcfd2	2028-04-17T06:00:20Z	B,C,D,E
67c6360c-10a6-4483-82c7-63cc58c71ddc	2030-03-04T13:17:16Z	A
b2da3859-263a-470c-9338-2e59d55d6f37	2026-06-17T09:09:18Z	B
3c9faa06-e48e-49c0-a1fb-29abf920c7be	2032-09-22T16:15:21Z	C
f31fb54e-7741-4a1f-931c-93684b457457	2032-05-17T20:37:55Z	D
4daee2ed-9aea-41e9-bb06-0791cbdd3ae5	2025-06-12T06:40:44Z	E
529e09a4-9cb6-4ce6-b41f-5cccebfe5db9	2029-02-15T21:01:40Z	A,B
7c75bc88-2c98-4843-9cb7-5eccd65d4f11	2033-07-29T19:59:17Z	A,C
ce15a0b2-4168-4801-845a-3e1b245c16bc	2029-01-17T21:32:04Z	A,D
6e9eb0fb-3332-4d61-ade4-025411551c49	2025-06-29T18:37:58Z	A,E
4d250d43-17c9-4c90-bb4e-64f549f0ef6a	2027-03-16T12:56:12Z	B,C
c8a79f2d-0e64-4895-9b54-89fc3548dcb8	2027-12-13T08:00:48Z	B,D
05976818-23be-4c56-bc7e-6de333b0eab9	2033-12-01T07:46:02Z	B,E
def8ff95-ff5e-490c-85d3-0ff7714b97c1	2026-06-18T12:47:45Z	C,D
249d6d85-a2a5-4536-aabf-b02c192c7e10	2029-09-19T22:55:00Z	C,E
49f26a7f-3325-4e2c-94d4-dd1b3d329e92	2026-10-16T06:24:57Z	D,E
8a0af563-defc-4334-8fb3-b59239308d00	2032-11-02T10:41:06Z	A,B,C
3d1ad368-9ea9-44b2-89fb-0cb1087df6ae	2028-05-12T17:31:51Z	A,B,D
9c3e303f-2f2c-413f-9a28-768d67e94492	2026-08-20T21:44:31Z	A,B,E
2276d7cf-6dcd-44cf-892e-2246179f1dd8	2026-01-14T00:26:16Z	A,C,D
4abc4187-b8fb-414e-be66-dbfebcda9e8c	2025-05-05T02:44:49Z	A,C,E
f6baf4b3-da38-4aae-839d-10d6e373ecc5	2026-07-24T05:13:12Z	A,D,E
8a57e69e-9170-450f-85ac-58a44c8aa582	2027-10-15T15:21:56Z	B,C,D
4c6da410-b525-442c-9462-8fbafb0098ea	2024-11-14T18:35:30Z	B,C,E
efcba76d-c87a-4fe8-a4ee-c7e9de25f646	2027-06-11T14:05:52Z	B,D,E
b6dc33f6-c5d8-42d1-a9f1-8ee4365ed61f	2032-04-12T23:23:47Z	C,D,E
e78274e9-d9b7-4d32-a81e-deaff693e148	2026-01-23T22:21:28Z	A,B,C,D
e7fce3ad-db85-4faa-bf18-51c9be2548a6	2029-09-05T14:18:40Z	A,B,C,E
6f8d11fc-804e-4f9f-8415-bd0e978c0945	2030-09-07T14:36:30Z	A,B,D,E
17fbfe6a-77f9-4368-9833-17d42ee0f483	2030-02-03T07:34:14Z	A,C,D,E
33d065be-b571-48a8-8784-bcb7b592c26f	2027-11-30T19:06:50Z	B,C,D,E
cd29b990-b2ec-4dd9-97a0-ee43563b1be6	2027-06-20T15:43:55Z	A
c29b9e60-a115-4c2b-9a71-e4de944cb0d5	2029-03-12T09:41:17Z	B
e8340517-9e46-42f4-951a-9bc8836552cb	2031-02-18T07:12:43Z	C
17a9935f-64a9-419b-887d-c0bc7c29c91b	2034-05-11T06:42:54Z	D
929e0655-a7ca-4412-b656-23f4f7ce4412	2033-06-13T19:21:07Z	E
88bba334-5283-438c-8c20-cea5f657ffb6	2033-11-21T09:19:23Z	A,B
30445efa-fd1a-4bf5-b30d-1aae87010f67	2025-11-26T07:32:01Z	A,C
f870723d-fea4-4497-b069-1e6e0bdd856e	2025-01-12T08:39:16Z	A,D
01d830ce-5ce1-4639-bb74-b8318ba7ffb5	2033-12-04T03:26:15Z	A,E
54beaaa4-10b0-4c4a-b4e4-83ae2924bc00	2026-12-17T04:39:47Z	B,C
235b814d-9371-4bc9-b759-1ba7161cab9f	2032-08-02T00:00:29Z	B,D
8386c739-e587-4ed1-8440-48ba7497655a	2032-10-25T10:42:54Z	B,E
b18b191a-cc6a-4a11-b4d2-fec01563794c	2032-02-02T04:00:48Z	C,D
5627b2df-3c0d-4e33-9d3d-0ae2a42efb71	2026-11-08T08:29:04Z	C,E
48b4158f-663c-48b5-a787-db8f17daf56f	2034-02-05T22:37:23Z	D,E
797b0ba5-bbbc-4132-8c6e-d67b64e18a46	2029-04-12T15:30:20Z	A,B,C
6312cb8d-1f8c-4888-a670-33860ccb5d62	2030-07-14T13:05:18Z	A,B,D
31c75650-736b-4d41-8348-53e1fdbcd8ca	2031-02-13T14:41:16Z	A,B,E
c6c122ba-658c-4da8-aa2d-58e8a5072ba3	2029-09-22T11:00:27Z	A,C,D
f17224ea-9841-4062-9345-2f044e723adb	2031-10-04T01:15:20Z	A,C,E
e2aa426b-a3d2-4093-98c4-612dfc172bae	2027-09-03T00:52:20Z	A,D,E
caba7aa2-c35c-4e37-b8fd-409eb73515f4	2030-12-22T07:43:36Z	B,C,D
1a0f63ff-bf3a-4622-89d2-fec7e9719694	2032-04-07T01:35:14Z	B,C,E
9c263b3f-f45f-45e1-a262-607bbdf1ac21	2024-10-27T12:31:27Z	B,D,E
36a27e9c-626d-4445-8205-5b828052598f	2028-12-11T08:58:00Z	C,D,E
0b6cdf3b-1d3a-42c5-a358-8b1d870d5ce7	2031-07-17T07:05:15Z	A,B,C,D
386c11ce-86a1-4b25-9d46-e95de76eab1c	2027-09-23T02:46:43Z	A,B,C,E
fdbb46d1-a438-4276-99a8-b78150455d24	2031-01-18T09:06:12Z	A,B,D,E
e7431253-cf12-4a33-ba1a-518a37cfc8d8	2028-11-01T11:28:01Z	A,C,D,E
abfd97b3-0c43-41ff-a103-b50e98b15d1b	2030-01-05T03:39:47Z	B,C,D,E
75602129-39c5-4653-b04d-0d185816506a	2032-02-16T19:38:17Z	A
9cf43fa0-212f-4628-8d43-5307b0936f32	2033-04-02T16:12:23Z	B
28c69ae4-b9b1-4a7d-9521-9924aa932ce9	2027-01-12T04:48:46Z	C
ef1409d9-ba82-479b-a020-227d991fcfaa	2030-01-15T05:38:02Z	D
c9265598-0665-4c27-bda8-b724308c378e	2029-11-05T10:57:30Z	E
274e83e0-0c8d-4fd0-9e12-179371093405	2033-11-10T07:24:50Z	A,B
901ba84f-b8b9-4dbb-ac46-a05079817214	2030-07-27T01:02:30Z	A,C
50d6624a-41b5-4546-9414-1a213d5e403d	2031-07-22T05:28:35Z	A,D
9e416c03-aa3c-4278-96d5-00ff6564af1d	2032-11-26T22:48:54Z	A,E
43bc42aa-94df-4ed3-a540-85f52b42f803	2030-06-12T03:54:25Z	B,C
126e0586-bd65-4c72-8909-604c33fba917	2025-11-08T08:50:29Z	B,D
29ef45a4-7164-4983-b138-7037461941e3	2026-02-05T16:10:08Z	B,E
441668c9-50f3-48a9-89bc-1ac1b6e388f8	2024-09-12T18:02:24Z	C,D
46ad1840-5fd9-4c1c-b6e8-9e514da63d7a	2033-02-10T21:08:11Z	C,E
7da6cd85-a3fd-4e06-ae18-b34c54b9cd1c	2033-03-04T20:55:16Z	D,E
0997bcbd-8dca-46ed-832e-05f0ba740f3d	2033-08-18T00:31:04Z	A,B,C
6a07eb72-7786-486b-9305-8394ec5e4567	2030-02-10T20:57:39Z	A,B,D
cb060cba-5749-48b1-83fc-a1471be93cda	2027-02-16T09:30:45Z	A,B,E
f8791739-c1e6-4e86-b5d3-cc462ee7d6c2	2027-06-07T15:56:55Z	A,C,D
60ce95e2-595c-499d-8ab4-34652ee61854	2030-07-15T10:54:14Z	A,C,E
38af46d4-2682-4a3d-9f19-608781f07a53	2033-09-24T21:28:16Z	A,D,E
608250af-068a-4ad1-8bbf-640bfdc24655	2031-06-01T10:27:23Z	B,C,D
01cfa7e3-1eef-434f-ab77-660b04c72a57	2027-01-17T15:28:37Z	B,C,E
449440db-68e9-4624-a9b9-55f934ea9a39	2029-02-15T15:28:09Z	B,D,E
7cf21285-966a-4a0c-b242-2e7a9abf8216	2033-12-21T12:50:38Z	C,D,E
e4eaae21-8ce9-4c19-91a2-5345ae07144b	2032-12-04T14:06:15Z	A,B,C,D
b10fe902-328a-402f-be37-442ebf013f70	2031-07-25T15:19:16Z	A,B,C,E
f4404575-42d2-47dd-8f0e-32a09d0b3291	2028-09-25T22:53:56Z	A,B,D,E
a2e37f0e-0695-4656-9d4d-10c51279cf1f	2033-09-07T06:48:47Z	A,C,D,E
1bfa1e52-3f3a-4fa0-9d80-8bfeb1158838	2029-06-22T12:40:14Z	B,C,D,E
d478c7a9-23fb-4dcf-b6a5-f6f163d2c3e7	2029-11-09T06:53:34Z	A
d67927c0-bfca-4004-83c3-fe8673e0ef95	2033-08-16T21:35:57Z	B
00d14615-bc77-411b-ac9c-9e04352d98e6	2025-10-14T09:13:24Z	C
76b8fedd-274d-4cc7-bae6-755677cd4c3a	2027-05-01T05:07:48Z	D
655adac6-7553-48b0-8617-e275053195b9	2033-01-30T00:10:59Z	E
4abdac53-5ce3-4cda-8e7e-1b8adad86b9d	2028-08-01T20:06:17Z	A,B
20e0110f-2c70-4083-b518-85b814611504	2026-02-23T20:10:10Z	A,C
a30c2332-9830-4aac-b770-987c47220428	2033-07-22T01:42:49Z	A,D
17720d16-b9a7-4a5d-8776-785b1e03d447	2032-11-07T23:59:11Z	A,E
33ffdf96-32ff-43ed-bf31-1e8b81638f66	2030-02-11T06:37:48Z	B,C
b88ba2ed-3c20-4b12-bb59-4f51a69c0642	2030-10-31T16:56:20Z	B,D
d02e4d5c-5e76-45ae-aab6-b4ce8f096273	2026-02-01T16:25:22Z	B,E
3f7356f8-8140-490a-b372-af116987f2c5	2029-05-12T12:50:20Z	C,D
c3f72ac4-5e7f-4fe3-a558-36e95d6f458b	2033-01-17T14:43:58Z	C,E
29b4fff0-5a9e-4cee-8137-6b3f648842f1	2034-01-26T14:12:10Z	D,E
0d64e2df-a030-4c19-be1a-539e16c889ee	2026-01-11T10:22:31Z	A,B,C
5a34a654-af34-4b1e-99f4-7fdab9b3603f	2033-05-23T20:13:59Z	A,B,D
041921e4-274c-436f-ade9-d8cab121993f	2024-11-14T22:57:58Z	A,B,E
8b0aaad0-9c83-4e8e-8c2d-f84540530378	2025-02-22T06:32:15Z	A,C,D
b8327911-ed49-41c4-91d9-61112718b3e0	2032-11-14T05:36:26Z	A,C,E
81735c76-8afd-4ded-9d06-cef73361bf67	2030-10-03T14:28:27Z	A,D,E
4a0d8fb1-531e-4a1b-b2ab-1231ced82e69	2033-08-26T23:17:07Z	B,C,D
4fd98b30-c4ff-432f-b17c-e8db98ef5c12	2033-06-10T23:13:03Z	B,C,E
e76907a3-9393-42a8-ad00-b49d874b8bfd	2031-10-13T00:20:07Z	B,D,E
4111ed8e-7635-4f0c-af65-3ef4921fd151	2028-12-17T20:55:47Z	C,D,E
5c2009f8-a26e-41ae-854d-a4bae8e2ef42	2029-01-31T05:45:22Z	A,B,C,D
f49a9da5-64f3-42fd-b155-0088466b38de	2030-04-23T12:40:06Z	A,B,C,E
545dccf6-160d-4000-a8d7-89ea511ef117	2031-03-14T11:48:34Z	A,B,D,E
4b5a1887-8c25-4fb9-8cb1-bda1c983e87c	2031-05-11T14:55:56Z	A,C,D,E
2365bbb8-1d8f-4d6e-ac95-6a89c3b1141f	2026-04-14T13:09:25Z	B,C,D,E
8a1dddda-c0d6-4fc2-b2f3-3c21a0a86ddb	2029-05-10T08:16:58Z	A
984f0af3-2b98-41f8-adb6-fdac40031596	2033-09-08T23:41:23Z	B
a2437e13-8747-4434-b1ed-289b038473ba	2032-03-03T12:50:36Z	C
245b1ed5-b805-489c-b89f-8d0e85566130	2033-12-30T04:25:48Z	D
e4b0f33f-7396-4128-93f8-5f5537f45396	2029-02-09T18:28:37Z	E
b920a7b3-e68c-4934-b427-ee2a828ed0eb	2030-05-19T12:49:34Z	A,B
67b32639-8b79-4fe7-b8bc-7b2bc1aa1bf0	2025-10-14T22:10:05Z	A,C
bfa99ea0-8715-430a-9160-c3aafcaf22dc	2030-08-05T00:48:35Z	A,D
907b275c-6b67-466c-91ff-a8480abdcf2f	2030-03-27T22:43:56Z	A,E
b0cd5f8f-37ab-4846-8dae-59b98fbaee9d	2024-08-06T17:47:01Z	B,C
51a240a7-f005-44d6-a9cf-5b6748a6f85b	2029-02-15T21:47:06Z	B,D
00cf2d24-22ab-499f-bd5e-ee4bf752ec92	2030-06-28T22:06:11Z	B,E
5dd4edd7-a08d-4956-9d8d-5b8f0881f569	2026-08-27T03:38:29Z	C,D
0f00bf1e-62ec-4b16-b3f3-b9c4e28d8443	2034-06-18T14:38:08Z	C,E
02da463d-78ee-417c-934b-1073b31f44f7	2031-01-27T21:27:04Z	D,E
996d5d16-8ab2-4886-a594-c9ab7710211a	2031-03-07T04:58:33Z	A,B,C
8d6e8cf5-322c-4fbc-b874-92e480c482b3	2024-08-22T10:06:02Z	A,B,D
e05f402f-aa94-4327-bb25-956fb6687dba	2024-08-22T13:53:21Z	A,B,E
a2cb10e6-b129-4712-aac3-7190811280f2	2031-02-05T16:31:26Z	A,C,D
1a2f901a-4702-4d82-b35a-bee07588e35b	2028-12-30T04:01:06Z	A,C,E
db649b9d-24de-4cca-b75e-86a0ffa08c98	2032-07-01T18:03:33Z	A,D,E
565f3b83-22f5-4023-9a88-14d6b3f14057	2032-06-11T19:04:46Z	B,C,D
2175ccf9-d386-40b9-8d89-3a44e6b246c4	2024-12-22T14:38:48Z	B,C,E
b418f7fc-8dfb-48de-b647-f733fc984f91	2027-07-29T03:50:57Z	B,D,E
c99dfdc8-1234-41a5-901b-c8de4fc8da8c	2026-10-15T17:54:24Z	C,D,E
31c116b6-6aaa-4203-a65e-9bee6fa6f084	2030-07-10T17:47:57Z	A,B,C,D
2fbae252-acf9-43e3-89fa-5225716822ea	2027-10-15T20:32:00Z	A,B,C,E
2cbe2522-a8b6-4c3e-9735-74da742adc5b	2027-02-02T07:16:23Z	A,B,D,E
2a788483-0a56-4d49-a44d-c0a206675b07	2027-11-21T04:59:25Z	A,C,D,E
c3fc2c9e-cd8e-4b4c-90be-f9df8a5968bd	2024-12-16T14:48:28Z	B,C,D,E
ab46ffdf-1d1f-4214-a3af-0cff7c1d5493	2029-04-08T18:44:42Z	A
3b006782-ec40-4471-9873-9aea1be8e44c	2028-01-30T12:43:08Z	B
12c9839b-2eb0-4243-beb5-064faad3bd59	2025-04-21T02:39:14Z	C
26f8b230-af05-45e1-96a3-c3dc9ac45a11	2026-06-12T02:03:32Z	D
fecdb085-bc14-4946-8795-b53869156e0e	2028-08-19T22:27:50Z	E
1a9861df-3338-4a19-b9e8-f4d6bf65cbd3	2032-10-26T01:15:14Z	A,B
597f4de1-4899-422c-bd85-85107f0edd8d	2031-06-27T05:43:11Z	A,C
327aa757-d6ea-456a-be96-6df0bd374bc6	2032-07-28T11:17:02Z	A,D
35279ef7-bec8-47b3-9f47-200233924dbf	2025-08-08T02:56:54Z	A,E
50df2ffe-4307-4b5e-b63a-b4eb27fd0d89	2025-10-05T21:14:24Z	B,C
21e18053-8b09-45e9-9053-0a80e489921e	2027-12-06T03:08:27Z	B,D
8bcf43f9-d990-4b79-8f22-1b5d60b5cf22	2031-11-30T17:01:22Z	B,E
6256c418-d11d-432d-925d-54eb5a038bed	2028-06-25T19:03:02Z	C,D
2439b5c1-fefb-4154-83bb-9eb56ee3c9a4	2034-05-16T19:29:50Z	C,E
571fb092-840f-4894-8037-bfb557242137	2027-01-10T00:46:10Z	D,E
6d7c60a8-de53-405b-8dae-55a27e6f0772	2027-08-27T19:01:09Z	A,B,C
3c9167ee-9f81-461e-a182-0488619f42d1	2030-11-03T16:48:51Z	A,B,D
f19b18a7-5968-4490-877f-d2aa16b91bdc	2025-09-07T12:52:21Z	A,B,E
7b3d890e-8b72-4e4b-8019-fde0e884b7e5	2030-11-06T22:16:20Z	A,C,D
8cf510cb-6f10-429f-bece-22533babaf62	2030-07-26T22:56:37Z	A,C,E
67f9a70b-d492-4534-a71d-8e4f8036a066	2030-07-03T08:06:27Z	A,D,E
be832a39-f5ad-468e-995e-1601e200b352	2028-08-03T21:21:31Z	B,C,D
1740c303-c7f6-4b2f-aed7-b35f0aa9bb17	2030-08-09T04:40:36Z	B,C,E
8a6ee4e6-4d48-4a2c-91b9-57b81ea96c86	2030-10-24T19:22:32Z	B,D,E
06046ef4-9172-4242-83ab-e8576f916819	2025-09-21T12:48:20Z	C,D,E
3ea0ad9a-b4dd-4c77-95fa-683b0dc9c2ca	2027-07-31T21:39:54Z	A,B,C,D
d69ff5f6-7abc-4423-893d-028418425bb6	2029-02-26T20:19:29Z	A,B,C,E
f11368bb-a888-4de1-b1e8-0880d433978f	2029-10-14T03:43:07Z	A,B,D,E
db100399-33d3-452b-b664-c3cfce24f17c	2034-05-18T05:48:46Z	A,C,D,E
a2d0c23e-d84b-4484-8140-4eca24ba9cab	2027-05-28T17:23:48Z	B,C,D,E
b6c8e055-5a39-4ee8-9604-ae8610e1b4a2	2026-06-09T18:55:46Z	A
bbe1c386-0e1c-4ea9-ba27-2de51ab87592	2024-12-23T07:35:00Z	B
0cf7d72f-d951-4a11-8ac2-a4603f50045a	2030-07-07T14:05:30Z	C
beef9516-17bc-40e0-9efd-244bd8b60954	2031-09-19T11:46:27Z	D
9d350a81-d92a-4ffd-96dc-092364861a06	2024-08-16T08:25:28Z	E
b1335e67-ea56-4b7f-b374-e5ec11f49945	2027-10-24T15:21:31Z	A,B
dc5a11fb-e20d-48d7-9068-ce066b40cf08	2025-05-23T22:20:26Z	A,C
acf39416-1f7c-4296-91bc-629eb8178eba	2024-12-15T11:04:41Z	A,D
8e341e05-0160-48de-b0c9-1cffaebc3e6a	2031-08-16T08:29:44Z	A,E
83ee1517-c10b-4565-a4c0-703af0449375	2032-12-02T17:28:33Z	B,C
a65f6f94-3993-4819-a00f-e393a32d7da4	2027-06-12T04:36:30Z	B,D
6b3642b9-fac0-4a3e-a933-ed0cb30d2715	2029-04-04T13:10:51Z	B,E
f3ca9703-b41d-4894-8662-255200a6cb7d	2028-01-06T14:04:04Z	C,D
e5b2d2d1-27a8-4edd-b603-335bd6a104ca	2026-06-10T23:43:55Z	C,E
3ea49101-fa62-4a45-8449-d33d3da9faf4	2028-05-01T06:09:19Z	D,E
07945881-3129-4a54-8429-7e8f2a99ab68	2024-09-08T18:13:33Z	A,B,C
ff87309d-1049-4adf-ada6-2263e92a88f5	2025-05-28T08:49:21Z	A,B,D
9ae15426-496f-4fc2-b96f-40771954bc62	2034-02-11T00:02:58Z	A,B,E
2c54cbd7-7781-4b52-a239-2688e54b0486	2034-01-29T16:02:30Z	A,C,D
7707ff04-d984-4dfb-b701-63bba99b8b0e	2027-12-24T19:53:52Z	A,C,E
1dc2aa48-a6be-4af7-bd55-a7a37180b058	2030-12-06T04:26:29Z	A,D,E
75a8aede-3628-42a0-aebd-3bf7101ed146	2027-11-25T18:33:26Z	B,C,D
079ef7cc-774c-4bcc-909f-5c23065b4683	2024-10-24T16:32:32Z	B,C,E
f5e97328-5690-4f6f-9619-38b3a470e200	2026-01-05T21:36:45Z	B,D,E
00fac6ef-8b18-4e62-bb6c-a483a5c1dfc1	2029-03-14T16:03:50Z	C,D,E
e42b3c47-e072-4da4-9135-90c94426ef55	2030-11-16T01:22:53Z	A,B,C,D
4c81c8fc-ed6f-4168-bf89-324fe9d17502	2034-05-09T18:41:43Z	A,B,C,E
029da496-d487-4c65-b2db-3b40623cf007	2026-11-26T06:41:23Z	A,B,D,E
5cb69d6d-8efe-4517-8e97-4df9c1598500	2028-07-23T02:48:52Z	A,C,D,E
a2262af7-39d1-420a-961d-77153705f437	2033-09-23T16:02:37Z	B,C,D,E
08b6a6c6-590a-4cfd-9caf-a3e0bbb12f0b	2026-04-15T17:07:22Z	A
c19b14c8-d102-48a9-bd71-8fb7d4b11f34	2032-08-27T14:53:11Z	B
a2b9c8b1-67a6-4c0b-8e8e-6e0cf37ba7a5	2026-03-18T07:59:14Z	C
8b5499f7-4497-4072-b1e3-0900ecc378f4	2026-05-19T22:26:00Z	D
2af45086-4fb6-482f-b3b3-67fc2bea6df1	2026-03-07T07:29:41Z	E
bb25d8a1-f41b-4a9e-83ac-00a74943e39b	2033-12-11T12:55:17Z	A,B
165c7c5f-48ed-4621-8793-fa87d91abe96	2026-06-25T03:06:46Z	A,C
b1de3ae4-1ab1-4697-88b7-76a85c460d51	2034-06-07T23:58:49Z	A,D
2dc8718d-6c0c-4d61-a116-c604f2e644b2	2031-05-17T01:23:40Z	A,E
773b8609-2490-4017-8b73-2c3daebfb6c3	2032-01-07T00:09:58Z	B,C
ec6ff337-8958-4a0c-811d-881636de872c	2027-09-08T12:53:15Z	B,D
58c4bb4d-300d-41d4-ac15-f6de2b88b208	2029-10-26T15:27:28Z	B,E
26b37f71-f118-41cc-bb16-f3f45b38739c	2027-10-25T22:20:39Z	C,D
a49620aa-0b5b-49c2-a94c-9387be2b4a5a	2032-12-15T16:06:12Z	C,E
123d9eb0-bb62-40f8-a476-31bdec3185f7	2031-07-24T17:39:50Z	D,E
e2c220b3-fac1-4e12-9594-7581abbc9a1a	2030-04-10T18:00:25Z	A,B,C
4bdb390f-4636-4dd3-a900-61ef4d19fb40	2026-09-01T10:17:34Z	A,B,D
f214078f-6518-4bc5-aef8-76d4bd911ccf	2025-01-29T01:17:20Z	A,B,E
11252b07-271d-43d9-a23a-82e9192bbd52	2031-03-18T08:48:02Z	A,C,D
700c0626-6a61-4816-9f32-204fa44be47b	2031-03-01T01:26:51Z	A,C,E
a8b97427-11d3-4a3a-b8de-c725e2c2a9ca	2027-03-06T12:46:31Z	A,D,E
91d102b0-f633-45c8-9f30-4ea936e18b72	2032-10-31T18:03:33Z	B,C,D
b50fbbcb-47d3-43ab-99d5-5254c51fa5a9	2031-06-23T15:19:12Z	B,C,E
70cbcc6c-8167-4178-ac91-742a3311e31d	2025-03-07T12:31:22Z	B,D,E
172e6105-441b-4b64-a306-d18cd0433709	2026-09-27T06:46:46Z	C,D,E
22b0bac8-dc6e-446b-ac76-5bcbafd975aa	2030-03-30T16:56:52Z	A,B,C,D
0331df8b-de44-4b5c-a31b-1cc59b7149ad	2033-10-01T20:43:59Z	A,B,C,E
59823196-b7ed-46b6-9302-b6b06c8b72bf	2030-01-15T11:31:55Z	A,B,D,E
99d3ec13-0712-4941-934e-a1b8060e52ce	2028-09-05T11:17:42Z	A,C,D,E
eb025fd2-35f0-4ae9-8ffe-34270182f424	2033-12-13T07:19:24Z	B,C,D,E
6f56b8d2-accd-4ae9-b0d5-b712f65f4ac1	2025-12-02T14:25:22Z	A
d9e7e0fa-ccd6-42ae-a778-dcfcb0c0a041	2024-12-10T16:46:22Z	B
64c6cddf-0b5a-46dd-bedb-3b5e499e152c	2028-03-11T05:23:52Z	C
702c9ef8-077d-4ae3-8d5e-dca556923cf8	2034-04-20T18:19:06Z	D
978e7598-1731-41af-a951-fd819091f60d	2033-02-10T16:36:31Z	E
259735f4-8339-420d-be95-e937b41b62db	2025-07-31T03:25:15Z	A,B
09f66234-c8ec-4e27-b40e-d430fe9827b4	2031-01-12T16:23:14Z	A,C
e1d90582-8a35-4a1f-9d20-3fa8b113dd71	2025-09-14T14:20:38Z	A,D
8ef76080-2205-4fc1-8e63-3515033eb639	2026-11-26T01:56:23Z	A,E
876c56cd-acb2-42ca-9241-b2cc340b171a	2034-05-29T20:00:59Z	B,C
8aef7917-be5b-4dd7-9787-728f900911cc	2028-08-18T20:14:12Z	B,D
7295fc63-941e-4cf2-b6bd-0fdaa9b30545	2029-03-11T02:01:05Z	B,E
41351748-cbde-496f-9ded-40002c570082	2034-05-17T17:15:03Z	C,D
5861838b-344c-4b41-9e54-2157dc44c530	2029-07-01T06:22:13Z	C,E
5d69449b-3f06-4c2e-8e6c-e2f8ec1ea786	2026-10-27T13:32:03Z	D,E
c4833b83-cec2-4435-a122-9c538490fa60	2027-08-28T23:59:51Z	A,B,C
e10c1272-a3f3-445c-af46-984aadb85c60	2033-03-12T03:25:50Z	A,B,D
a42d01bd-8921-49eb-8c24-4bd4540e73ae	2031-12-11T01:05:29Z	A,B,E
0c9e7f6f-72e4-4823-ba61-2ffa4e4fb14c	2026-04-08T23:38:09Z	A,C,D
a159dec5-f76a-4ca6-81fd-d5c6d55e0d9a	2032-02-16T05:29:48Z	A,C,E
559e736a-42a8-4b36-8e73-c323c181d442	2026-09-15T16:20:08Z	A,D,E
d974b4f9-9407-4fae-9272-03dd84c031c6	2028-10-13T20:10:01Z	B,C,D
f49fa67a-0829-4532-a407-548fd7789176	2028-12-09T22:00:56Z	B,C,E
a0434d0e-cdf3-4e93-bc70-66fd8892a2f9	2030-12-18T22:03:07Z	B,D,E
ac997f97-fc6f-4e69-b955-d5f8776d1aaf	2029-03-29T19:50:41Z	C,D,E
fdb46a35-c63f-4059-b7c0-53f6aa4bc245	2030-02-23T01:01:05Z	A,B,C,D
6ee147ba-45ec-4e2c-a8ff-351e9f81f42e	2024-08-31T03:12:22Z	A,B,C,E
bc793af8-d70f-4fdb-836d-3cc033624e88	2027-03-05T11:27:13Z	A,B,D,E
ea9acc29-af5b-49c2-868d-fa65822a4baa	2025-04-21T14:29:03Z	A,C,D,E
baea037f-d7ac-4b42-b184-1c7a5937ed35	2029-01-08T05:34:19Z	B,C,D,E
931f6fc0-7501-45f1-ad0e-1a4781931234	2032-12-18T08:59:26Z	A
e68c51e4-5f14-4f63-9c7d-acb4dea1b433	2025-09-23T07:40:00Z	B
bc385dcf-600f-4624-a422-0d4137d61496	2032-05-29T22:49:46Z	C
58d2d0de-a8fe-43f6-8112-ec4cbd83e4f3	2025-11-20T21:15:25Z	D
1f653f46-d82a-4eac-aabf-78b17f88c977	2034-01-27T12:10:36Z	E
22f0bbb4-a7b5-4b2d-ba84-44985687c897	2028-12-14T00:03:28Z	A,B
0068a747-2027-457a-8db6-c0fbf0bc0769	2033-06-16T13:43:25Z	A,C
229df6d0-86d7-41c0-8dcf-2240b772eae1	2030-07-29T20:02:54Z	A,D
d0813ec3-430f-4cbe-9422-dfeb905dd048	2027-09-17T19:56:31Z	A,E
b980fb3e-8ba6-4780-ab07-b17330b8646e	2026-08-08T14:05:07Z	B,C
07e047ef-3bd6-447b-8b10-010cb67f63b4	2032-11-27T17:58:34Z	B,D
ca3fde68-c2de-410e-9e02-8e9111e87bea	2028-01-02T13:43:13Z	B,E
08eca442-19f8-4b3b-9c79-5240f03c9599	2024-11-13T20:08:38Z	C,D
a7b2d418-a5c9-4813-b79f-f1431720288d	2029-04-04T01:55:53Z	C,E
fd609560-7b53-42c5-ba24-258d32b6a808	2027-07-21T06:02:15Z	D,E
51157af3-7a1c-4501-91c6-15c56f94cdde	2024-08-28T04:42:26Z	A,B,C
32c466da-3419-4f28-b5aa-047f1b28286c	2031-07-07T03:00:05Z	A,B,D
062787ad-cbc3-4ed6-a5a1-80a1e8a2bb50	2033-02-25T22:24:58Z	A,B,E
3628108e-4eab-4bf0-b434-d9bf78baab63	2028-10-22T01:13:38Z	A,C,D
5e22d135-a651-4076-9b53-ed1a43e4d331	2033-11-04T00:06:07Z	A,C,E
d8d3f7bd-15c1-4f53-ac7b-0f6200ed9766	2032-01-20T03:25:35Z	A,D,E
fd2bd0de-ac65-45db-9294-e44c7ef680b5	2027-10-23T11:55:06Z	B,C,D
f0bc9545-949d-400e-bc40-1d45713656b9	2031-07-07T03:31:56Z	B,C,E
3b62604f-ea71-4108-be3a-c6b7747979d5	2031-09-08T01:08:17Z	B,D,E
94830d18-556f-4502-94bb-1511f8649edc	2026-01-05T14:30:11Z	C,D,E
82057100-9edf-4b65-995b-ad0f039776d8	2025-07-14T05:20:15Z	A,B,C,D
0600a31d-df32-48c8-8dec-4f05d014eb7d	2027-07-30T06:25:56Z	A,B,C,E
1f4af17a-42af-4eca-92e0-9b7b17fc2b0f	2024-09-11T00:16:53Z	A,B,D,E
2160ad0c-c696-4ba7-becf-51c396b1955d	2026-07-30T20:20:03Z	A,C,D,E
203afcaa-c21b-489c-a6fd-bd218de8f8f2	2031-12-28T22:26:20Z	B,C,D,E
e29c42f2-8292-4c44-a049-cfa816a788b5	2029-05-05T00:33:45Z	A
39a611a8-6540-47b4-ad2a-e08965e26dfa	2029-04-08T15:41:45Z	B
c404d7dc-95b2-44b1-81a1-c115c33d256f	2033-07-16T01:12:29Z	C
9b3654d0-c12a-4c4f-a1b1-0ead2f7453d5	2025-11-04T03:45:40Z	D
0e8c5267-916c-4847-8305-0741bc0fab2c	2029-09-15T10:42:04Z	E
ee4d8671-552e-4dba-882e-e01662b879aa	2031-12-26T21:43:09Z	A,B
51b517f3-6d43-404d-af10-74905e9e4cc8	2027-11-17T08:39:17Z	A,C
84f3ef0f-9813-4608-b43b-e635849d178f	2031-01-07T15:11:57Z	A,D
9aa5f61c-aa5f-4060-b9f0-1f58903da04f	2026-11-04T04:08:33Z	A,E
5a5f36e9-700a-484e-871c-df574abc7e8b	2029-06-05T14:12:32Z	B,C
ea5a7aa3-85bc-41bb-b57c-71f183b7721e	2033-04-18T15:18:07Z	B,D
ba6e8366-cea3-41cc-bdfb-cc97eb88c122	2031-07-04T22:38:33Z	B,E
a2ff61b5-cc0a-49a1-8279-97febaf01684	2029-04-04T21:01:07Z	C,D
234c240a-1655-453f-b9d8-407c8c9ff31a	2027-01-31T00:13:54Z	C,E
0fea8560-0d12-40eb-bf71-b01263042586	2026-09-09T04:39:53Z	D,E
4a3b2a54-97b5-4784-bb19-50c9dcd96d11	2032-08-17T04:44:03Z	A,B,C
ed6091df-fbc8-4ccd-80c0-23a22ec7927f	2026-01-07T09:09:14Z	A,B,D
6fa14112-9130-4a32-941d-cd459bfb2d93	2030-10-30T13:58:06Z	A,B,E
77423554-e6ac-4f27-b476-2e6945052d80	2030-11-08T22:41:08Z	A,C,D
46f9363f-ad31-40f6-9505-d0e3fc945b24	2033-05-26T19:46:54Z	A,C,E
df2587aa-213d-4085-b0f5-b2db88308823	2026-05-13T19:50:22Z	A,D,E
f8d2dd1e-97a7-4ba2-ba35-e03aff439136	2025-12-27T14:14:13Z	B,C,D
1cb66502-bc51-4dff-ad0a-ae6d63aa6cfa	2030-05-19T23:07:22Z	B,C,E
5b8cf791-da66-4eb8-8111-181511be9e53	2033-06-18T05:38:18Z	B,D,E
b4624634-2518-415e-8217-35498f75d84d	2030-01-11T14:38:00Z	C,D,E
e75be4e3-c154-48d5-8404-5c90217c19ec	2024-07-26T11:05:43Z	A,B,C,D
c28dcff7-f20b-4bb6-b570-6fb0b48b34d2	2027-02-23T00:04:31Z	A,B,C,E
084f8b58-0bdd-49bd-8e3e-04b08f086d9d	2032-10-14T06:28:54Z	A,B,D,E
e27bc039-f903-4929-8015-032c0b9f0e76	2031-10-06T04:10:43Z	A,C,D,E
906f2724-5754-4e3d-9106-3954724f9b84	2026-10-20T18:45:14Z	B,C,D,E
9635eb6f-d0a7-444c-a595-cde4828e1322	2028-07-19T16:40:03Z	A
2b1afeb0-4ad5-4b66-ae42-c71735607aee	2025-07-20T05:06:31Z	B
c3b3d2b1-d295-4fcb-b96e-993f64c6384a	2025-04-22T02:02:38Z	C
0a0c4fc1-e2c2-45de-a2b8-0d2fb25a916d	2031-05-18T03:30:50Z	D
c43a682c-fa46-480b-912e-63a2fc30b039	2026-09-08T09:26:39Z	E
7b54721a-bdda-452c-a06f-6d9d7386e74e	2027-09-14T10:47:38Z	A,B
e4ae35c9-a9a1-4b38-8f9f-54fd29f2bfc5	2034-02-04T19:00:57Z	A,C
18d24b80-81e7-4924-9e74-6c68f8a89416	2034-04-10T15:20:52Z	A,D
f7f3fd20-7fe0-4f7e-9963-06b662dc15db	2027-04-13T04:06:59Z	A,E
a4f04ca5-61b1-4239-8788-4c2bc09afe91	2033-06-13T03:17:02Z	B,C
7b1f1676-cbf8-4533-a661-aed2f5c7b76d	2029-11-22T14:13:03Z	B,D
b766c9d3-4ae7-4286-8532-275b44bd0500	2025-12-25T03:08:59Z	B,E
52f803f5-6282-4131-85df-5426763a2c14	2025-10-17T20:18:54Z	C,D
1329e01a-104c-49b9-8c97-916ca4993140	2025-07-03T14:28:33Z	C,E
1f5e135a-bcbd-4558-96ff-1908c9d3c4c4	2034-02-18T09:44:03Z	D,E
012672e1-a50e-4757-acec-ac338346fb17	2026-10-29T15:55:28Z	A,B,C
3c25b301-4c84-46f7-87aa-e092b1d71ea7	2028-06-08T12:35:28Z	A,B,D
2727c2a6-ec0f-4108-ae14-0acdcbb50878	2030-03-27T01:30:55Z	A,B,E
cd53df4c-b9f9-4577-ad70-a0a3b2b8176d	2032-01-26T22:33:13Z	A,C,D
56cc8c1c-7f01-4bda-a95b-4b27548c6d24	2027-05-04T04:36:49Z	A,C,E
2f862117-37b5-4cb2-8909-4b2e660c1635	2027-11-24T12:42:57Z	A,D,E
7fdc29ed-5b40-4f6b-bef8-8c21bbb4698f	2024-09-28T02:14:27Z	B,C,D
a69a7fee-1d68-4c3a-8456-0f02898a802a	2033-11-21T17:22:08Z	B,C,E
6d21ad82-9d0d-4962-8b87-753badad427b	2031-02-14T05:24:29Z	B,D,E
1f45c1fe-89a0-42fa-8931-3d8fc2c139c6	2031-04-15T00:20:30Z	C,D,E
593f3478-eac2-4b1a-adae-228ca8c83be2	2028-04-08T03:38:36Z	A,B,C,D
036f26d0-1f19-45a3-91dc-7dcf0bf20631	2030-09-20T07:38:05Z	A,B,C,E
8fd8caaf-2c4a-49d7-aaa0-4420c675ae10	2029-08-16T23:10:16Z	A,B,D,E
657dd937-e8b2-48e5-939a-eed410459b06	2032-07-23T01:09:54Z	A,C,D,E
1fa86f43-ed9f-4752-bcf9-c55b692bfca4	2030-09-15T09:53:35Z	B,C,D,E
18c49e16-3bde-4570-8866-3e866807e8ae	2025-07-27T12:13:38Z	A
245b9dab-c9fc-4f99-a754-34372d640f64	2030-06-04T18:22:23Z	B
84c78bc6-0998-456d-add6-20a33c02bdb1	2029-11-10T05:56:47Z	C
1b60e6e2-c814-4e70-99c5-bcb0b9de1eea	2025-10-10T12:07:53Z	D
a2994a9b-3892-4ee7-82cf-07c52a8ab3e0	2025-10-24T05:10:55Z	E
00bdfa3b-b858-4541-b6e6-a23fd9a47bd3	2032-10-16T01:36:06Z	A,B
a5539c71-4008-48ac-80a3-df8db079d9d6	2031-07-10T09:16:25Z	A,C
e52724bd-fb5a-477e-a7e1-6ab7c7844951	2026-04-17T18:44:25Z	A,D
d9070a6c-17e7-4035-b7f7-ff837c15e53e	2032-05-06T14:30:42Z	A,E
5a7958be-3b98-4a17-8a48-4c684556bbda	2032-03-20T06:41:02Z	B,C
4a21e296-e404-487e-8116-6c85e78e2c33	2032-10-23T17:10:50Z	B,D
7658924f-4f61-478f-bb44-4ae5a0c30126	2025-12-10T06:22:20Z	B,E
35b8c387-0401-4014-a8b3-53ada9d28030	2032-05-09T13:26:32Z	C,D
e20b43de-f687-4d0d-afe4-1307ac34128e	2033-06-30T10:55:18Z	C,E
ff3bdd98-0955-4c10-8cf8-49f4b5ea7b1b	2029-08-12T18:48:01Z	D,E
3b2232bf-ff8c-4522-9801-ca5006340f1f	2034-03-28T13:40:31Z	A,B,C
92ceb302-e598-41d9-8871-ecf8bca12e4c	2027-10-24T16:24:54Z	A,B,D
cb168259-f67b-486d-8025-2433315e61a6	2032-02-05T14:47:52Z	A,B,E
1d1402c8-4746-49ed-8fa8-e9b3a32ed68b	2032-08-07T19:33:07Z	A,C,D
bca88690-6b54-4253-849d-ab5bc026448c	2030-03-11T02:00:48Z	A,C,E
c05c8d2e-9a5c-4295-9590-029cdddeb282	2027-11-19T01:12:33Z	A,D,E
faa17272-1912-4d7a-8c0d-44ea854aaf1e	2033-04-06T04:57:01Z	B,C,D
f6c3a1e4-5218-4797-8bd3-ac960028ec8d	2024-07-26T18:37:30Z	B,C,E
20058256-2c28-48d0-9494-21466de560f2	2027-05-20T05:47:34Z	B,D,E
fc8a0daf-f904-4521-af1c-941924a926c5	2030-03-03T22:40:22Z	C,D,E
300cfa8b-8704-432a-96b9-f06d3ef25586	2028-09-26T20:43:32Z	A,B,C,D
8833e44a-32fa-4791-a172-2cc63480c0e8	2031-10-15T15:12:00Z	A,B,C,E
43d87ea0-30ef-4a71-9202-08477572c3a6	2028-02-26T22:18:33Z	A,B,D,E
0ef8a2cb-ca30-47bf-bbed-94d247ae2a7e	2031-09-22T14:28:56Z	A,C,D,E
c6b87955-6707-4bbb-903e-28a146548493	2026-01-02T16:53:09Z	B,C,D,E
4b5fb68d-7ce3-4955-943f-5703d35fcdac	2026-10-31T10:52:34Z	A
82ad53de-12bd-4859-87e6-f8c04fc65b7a	2026-10-14T21:41:03Z	B
d0f5ea5f-716f-429b-bb9a-45bd40a9f123	2025-03-02T21:27:33Z	C
c89937b4-4d0a-40e4-9808-c8cbd9a367fb	2026-09-17T14:40:50Z	D
2dc8323f-822b-4ff8-b5ff-0a2fd4799338	2026-09-17T06:16:17Z	E
6eaf11b5-0b81-4c43-b01f-a014742a7c27	2030-01-19T09:16:46Z	A,B
d3fa40cd-d783-45e7-ad15-c71e88922976	2033-04-02T11:36:59Z	A,C
5ab692a9-d0a3-41df-a142-2fd380cb57c3	2028-06-27T12:34:20Z	A,D
43829e4f-be71-4fbb-a4a4-6e85c8ba5914	2026-06-08T12:20:11Z	A,E
057d49cf-36f0-482f-8e95-d5978e439896	2028-08-03T06:55:39Z	B,C